Date,Nominal.GDP,Corporate.Profits,Statistical.Discrepancy,Dividends,Foreign.Saving,Personal.Savings,Net.Govt.Saving,Consumption.of.Fixed.Capital,Gross.Domestic.Investment,Net.Investment
1947-03-31,1,0.04095589807701798,0.01263344903028409,0.024954351795496044,0.03867760030267638,0.051796318533993524,0.01062246056159629,0.1154406079847346,0.16779621983517298,0.05235561185043838
1947-06-30,1,0.055303941976192025,0.011216906264229493,0.02588954660768881,0.04013936772263058,0.03445976712417876,0.009444317960059845,0.11670623820984843,0.16108599492616926,0.04437975671632083
1947-09-30,1,0.05556423663281047,0.00803734198769958,0.02641184366047639,0.040391049141575014,0.05062403589959332,-0.0013943145621732073,0.11825630546707534,0.1642847126229541,0.046028407155878755
1947-12-31,1,0.05565073437409767,0.013948295443608155,0.025240139367456543,0.030017902173285337,0.03993147125064968,0.021359410190764018,0.11623322874357542,0.19186124853221428,0.07562801978863887
1948-03-31,1,0.06762574226129102,0.0025287685047903604,0.026958478524282948,0.01849914578801996,0.04802778634916573,0.018058869128703782,0.11520572585440012,0.20598550473767788,0.09077977888327775
1948-06-30,1,0.0701075331936735,-0.003988010287378883,0.02503604618314029,0.011094519879515862,0.06116661224579645,0.009726049008133779,0.11404902280907078,0.2149233032612165,0.10087428045214572
1948-09-30,1,0.0672001031533403,9.169185804954225e-4,0.026003237868737372,0.003338156707116148,0.07119013166377741,-0.003785870857748678,0.11336122294015671,0.2195375291909626,0.10617630625080587
1948-12-31,1,0.07387843033748744,-0.0030567187176761806,0.026979020280633172,0.002839145973477526,0.06940213863307249,-0.007893253818223324,0.11399028412860333,0.21650271430915305,0.10251243018054973
1949-03-31,1,0.07332911567297135,0.003105070645811063,0.02702211362958762,0.007969923718522074,0.055058647294516316,-0.019623028425576474,0.11725459397747189,0.19412872590297928,0.07687413192550739
1949-06-30,1,0.07055068896005542,0.002542831977770489,0.02727095164565452,0.006294430460915935,0.04866022236881383,-0.03187384605179269,0.11887186706516652,0.1751790116859713,0.05630714462080477
1949-09-30,1,0.07324223402189167,0.007424264078068371,0.02673614546573882,0.0023745918670228555,0.05091813887697928,-0.032049661217564654,0.1181982417759602,0.1886224802025732,0.07042423842661301
1949-12-31,1,0.06241801446271066,0.012544941931145082,0.028068152845059806,-0.0038133667372435122,0.045265254390729676,-0.033618227301784376,0.1196554667494374,0.18201066412442216,0.06235519737498475
1950-03-31,1,0.0591678892418135,0.011832865668665518,0.030182175566538953,-0.0034077798510120075,0.08605979460737534,-0.04117466919253066,0.11539091543578277,0.20449883914709363,0.08910792371131085
1950-06-30,1,0.061232923414938203,0.0015531212226611063,0.029519634413860314,-0.0042874410692085975,0.07078238051125582,-0.0029065062348691212,0.11284751517823013,0.21826690956426514,0.10541939438603501
1950-09-30,1,0.0607393080709907,0.0020411938225491882,0.030361541182464553,-0.008700223590229528,0.04470831048213062,0.03359694697114745,0.10894588078000214,0.22837681281700972,0.11943093203700757
1950-12-31,1,0.06316085577208583,0.00202534810670584,0.03043023019581491,-0.007779462095047586,0.06716466892747192,0.03387457219209551,0.10884058197502697,0.25241525887261873,0.14357467689759176
1951-03-31,1,0.043654761904761905,0.010312499999999999,0.025630952380952383,-0.005089285714285715,0.05221130952380952,0.04300595238095238,0.10789583333333333,0.2365386904761905,0.12864285714285714
1951-06-30,1,0.05395100119154873,0.010000290621639688,0.025842076200993925,0.001017175738905519,0.08388212386294285,0.01925368362928304,0.10850649539364701,0.248731436542765,0.14022494114911796
1951-09-30,1,0.060415214081420664,0.012982910482803763,0.025146207151699705,0.006232480043257395,0.08307981274101058,0.0025499096432687793,0.10890333964170355,0.23655249939525022,0.12764915975354665
1951-12-31,1,0.059279349089500194,0.006474290944415433,0.025155961345170116,0.007518712553835441,0.07838215723598875,0.00681962389591721,0.10962215521452758,0.22790009489637206,0.11827793968184447
1952-03-31,1,0.05696737257517648,0.010469123450614196,0.02343393919181813,0.009788227447056862,0.07602968150742037,0.008362514590628648,0.10986048579845478,0.22846979045078095,0.11860930465232616
1952-06-30,1,0.0547239841564413,0.006719663185884831,0.02490651746392267,0.003118854388831953,0.07246766196714954,-0.003146552918040052,0.11128161094645876,0.21402099548513975,0.102739384538681
1952-09-30,1,0.05375019377156983,0.004628760868205416,0.02420444872328332,-0.0028664594330719798,0.08181103668469762,-0.007182466188560814,0.11151179898885234,0.22318405443553319,0.11167225544668084
1952-12-31,1,0.05832799386573952,0.006672583847147673,0.02385429030597775,-0.0032404441036521956,0.07253973089083326,-5.304454691553838e-4,0.10952648550991041,0.22592512840981901,0.11639864289990859
1953-03-31,1,0.0568482911490283,0.007492654260528893,0.022588793236764777,-0.003471828444765194,0.07200371153152224,5.953915150265478e-4,0.10953141914531676,0.22735708026186915,0.11782566111655238
1953-06-30,1,0.05394525576325657,0.00825528591011081,0.0243114851601408,-0.004663700481685977,0.07609464223265407,-0.0012048531074744287,0.11044316641523015,0.22788315988043362,0.11743999346520347
1953-09-30,1,0.05223802377988144,0.009131556275899799,0.024030411252367892,-0.0030140271134618877,0.07447893632196662,-6.876787900943577e-4,0.11201494998351105,0.2261542905788006,0.11413934059528953
1953-12-31,1,0.046057983781122885,0.014109904914889757,0.02390859393217089,-0.0024121045677125163,0.0774153431613856,-0.017641267456019898,0.1149856206440915,0.21342332305619607,0.09843770241210456
1954-03-31,1,0.05297071455449012,0.007232479985467567,0.02528643163918047,-0.0012663976436699579,0.07936005397760448,-0.01903748588926806,0.11662276661173752,0.21313368539879846,0.09651091878706093
1954-06-30,1,0.05499571377884135,0.006531631276206163,0.023754211762633995,8.701935403668799e-4,0.07180909611235857,-0.01625397220042422,0.11833337218125925,0.2107940257069675,0.09246065352570824
1954-09-30,1,0.05686758943825512,0.00881083182436649,0.024470838576353723,-1.9437539002956552e-4,0.06902628159878874,-0.014767414500404096,0.11841553366274847,0.214078916408352,0.09566338274560353
1954-12-31,1,0.061453366488715,0.007224804494989168,0.02438621683419474,0.002271510554518755,0.06826539648866496,-0.011102383084751359,0.11755567452355817,0.21673662985885614,0.09918095533529799
1955-03-31,1,0.06699058035746709,0.008303617036213939,0.024838224720569974,0.0011692848479566565,0.06351903900763303,-0.002941368716909602,0.11489736680925648,0.22476172492513433,0.10986435811587784
1955-06-30,1,0.06814903732101003,0.004258276951690501,0.024662421832743423,-5.432565024719358e-4,0.06514096201474621,0.0034469506466887454,0.11429262784320052,0.2311663171479271,0.11687368930472658
1955-09-30,1,0.06575457729864419,0.004632502829940891,0.025679825020164054,0.0018757801223092318,0.06860427547702228,0.00407697439223097,0.11462713349650527,0.23014218273863898,0.1155150492421337
1955-12-31,1,0.06594950262187366,0.003029110576263121,0.025660501679280336,9.769110393235293e-4,0.06767682776166116,0.010203801488016253,0.11577196562737364,0.23599379535658396,0.12022182972921032
1956-03-31,1,0.06307277382852829,-0.0017896694910243642,0.026196940961373157,0.0021444197332096257,0.0729170930491693,0.011784075352589905,0.11857754249043766,0.236218180495104,0.11764063800466636
1956-06-30,1,0.061760947063967175,-0.003737584359095088,0.025963543418309008,0.005002129997085267,0.0767068002959575,0.008562588282773929,0.11996367794444071,0.23229075581264993,0.11232707786820922
1956-09-30,1,0.0633456784377348,-0.005722631878738716,0.025700867260206876,0.0067000449920322,0.07877816711769517,0.009490437530890466,0.1214984341442981,0.23499582216843867,0.11349738802414057
1956-12-31,1,0.06158583860158145,-0.006712808629575015,0.026130221103541434,0.009840095729732897,0.07990001368188106,0.009305850850122593,0.12168621583058789,0.2297904500470179,0.10810423421642999
1957-03-31,1,0.06240168249325747,-0.0027630013261554904,0.02573124809750968,0.01182683772582427,0.07682122870541254,0.00789520178637189,0.12199991911090109,0.22879907360695134,0.10679915449605026
1957-06-30,1,0.06129548223081405,-0.004107833271542821,0.026074890101159896,0.010181664106774006,0.08069911551294953,0.002652401885493353,0.12376463111064033,0.22804724326042056,0.10428261214978021
1957-09-30,1,0.0593880998560971,0.0013660347452501616,0.025985943398193916,0.010248388913220295,0.07878996433710818,0.0019061919956620576,0.12406515255792612,0.2292811111806294,0.10521595862270329
1957-12-31,1,0.05541586643754844,0.0024512281411098757,0.025868459179891508,0.007568482765591833,0.07494356278850366,-0.012140318070015836,0.12729539404966475,0.21452879140132755,0.0872333973516628
1958-03-31,1,0.049488813791333366,-0.0013004234931770543,0.025974248192668005,0.0031590879924712325,0.07950977456474312,-0.01963040595457073,0.13066689481113913,0.2096013175343286,0.07893442272318946
1958-06-30,1,0.050705753234260915,0.002267054820351796,0.025950362093148407,0.0017394878574848826,0.07889138900541974,-0.029927242371466465,0.13136841123950693,0.20561551597743963,0.07424710473793271
1958-09-30,1,0.05320876583079649,0.002101510576505482,0.024979365677248316,0.002159142600151078,0.08204330223262343,-0.023812317198425,0.129554730868741,0.21596160060595956,0.08640686973721856
1958-12-31,1,0.057541211678393774,0.0022219775600284255,0.023685079720951647,-2.862547667424007e-4,0.08210106995225751,-0.017309405370779993,0.12767763309345317,0.22883566374072925,0.10115803064727609
1959-03-31,1,0.06166402131953834,3.6251053240060355e-4,0.025058295612642802,-0.0027629181118100053,0.07420884525699058,-0.006317480845727275,0.12631826465228382,0.23393294534908785,0.10761468069680402
1959-06-30,1,0.0652727526676399,-0.004264779882637237,0.025324641779536326,-0.0055256546886748945,0.07419262876133878,1.9515816421220196e-4,0.12459892127281388,0.2401956938925061,0.11559677261969223
1959-09-30,1,0.06110461417736757,0.004687315488139815,0.026230682203438254,6.285307237245588e-5,0.06665473093171109,-0.0033978751852261,0.1253042660094394,0.22806713469984802,0.10276286869040861
1959-12-31,1,0.06266931517215286,7.396897465001892e-4,0.026727203934922436,-0.0015569428679530835,0.07041241013999243,-0.004466515323496028,0.1256091562618237,0.2297824441922058,0.10417328793038211
1960-03-31,1,0.06347577066533001,9.656351815541566e-4,0.02600580855361118,0.003436850407630729,0.07051716766670106,0.013513364096062273,0.12344097831375034,0.24247025696215593,0.11902927864840558
1960-06-30,1,0.06039772307237377,-0.00428032823242404,0.026236416056775336,0.003184371996747246,0.06753714792636947,0.0068622015228801654,0.12491313668958377,0.22601094108080136,0.10109780439121759
1960-09-30,1,0.05988775742113327,5.736761460693103e-4,0.026444087653316323,0.007723550413853271,0.07069229697729489,0.003837948402137814,0.1250064149089816,0.2258359542818601,0.1008295393728785
1960-12-31,1,0.05808621669502052,-0.006925251343491356,0.026501442992093626,0.009041146100404112,0.07038728463875217,-0.004527977756262993,0.12740722366099774,0.20889046033206404,0.08148323667106629
1961-03-31,1,0.0555688069017904,-0.002209101350781075,0.026171612680682105,0.009977652114242097,0.07659563537351059,-0.004803511076698384,0.12751138494508438,0.21651578479976807,0.0890043998546837
1961-06-30,1,0.059503730570880854,-0.00211504018576353,0.025754889342897515,0.005779909818286548,0.07667065674247811,-0.008139754655338453,0.1263354003726071,0.22071839364947934,0.09438299327687226
1961-09-30,1,0.060822951605174896,9.089884156825165e-4,0.02573353251219031,0.007580188280391217,0.08142492742185518,-0.004486809098339864,0.12500528481637024,0.2303598607627047,0.10535457594633445
1961-12-31,1,0.06389809373557558,-0.0030932877722127687,0.026131047928737265,0.00671877260545769,0.08091289880333166,-7.802112253966505e-4,0.12362128237101541,0.23170723305753244,0.10808595068651701
1962-03-31,1,0.06634029894968628,0.002538664978712587,0.025797415208084668,0.0052372591172247076,0.0798585216148468,-0.004363540865267258,0.12239126079732261,0.23572884768515168,0.11333758688782906
1962-06-30,1,0.06606136923143549,4.880356315980585e-4,0.026303954587701503,0.006237861571108291,0.0790584410176459,-0.004752101218256864,0.12247362442243565,0.23079088422728802,0.10831725980485238
1962-09-30,1,0.06681477175888753,0.0026271413254256378,0.02625827754762925,0.007837090966410356,0.0766616258392485,-0.002451451249287798,0.12240672416822243,0.23196508529178508,0.10955836112356264
1962-12-31,1,0.07060331874305874,-0.00575063696348076,0.026451950088194946,0.005825765989416607,0.07385509897432548,-0.0038119814463970737,0.12348598680342328,0.2261008035539296,0.10261481675050632
1963-03-31,1,0.06993559304585054,-0.0035034551982395857,0.026695749527081803,0.00638761276042672,0.07427550219408305,-7.75328469031901e-4,0.12308419874145851,0.2299331480266121,0.1068489492851536
1963-06-30,1,0.07116610983371233,-0.00681379336627752,0.026905829596412557,0.0068963655534242056,0.07374490275537038,0.00317426542511973,0.12310560347565391,0.23056854126703846,0.10746293779138455
1963-09-30,1,0.07066711770146049,0.0015424148568378324,0.026720708083246954,0.008101557311418836,0.07127384225782225,0.00294672617015598,0.12181508401040278,0.23342291960201353,0.11160783559161075
1963-12-31,1,0.07070242133046252,-5.673320712361111e-4,0.02707290293575232,0.009560539378350852,0.07621670555924262,0.0016071860023427298,0.12160785884900403,0.2329272805678826,0.11131942171887854
1964-03-31,1,0.07562755478321105,0.0037681652737592973,0.028311999307278648,0.01222862193239398,0.07626354464320372,-0.0022035705008196208,0.12035585573480716,0.23327092869448898,0.11291507295968183
1964-06-30,1,0.07502865882588695,-7.809345871508264e-5,0.02885626972596563,0.008805405835496867,0.0828866289264065,-0.009276913510757743,0.12046284372172796,0.23136144894308608,0.11089860522135814
1964-09-30,1,0.07435938563445858,0.0013453154555215013,0.028923559782726496,0.011748028628775303,0.07910917285497326,-0.003962250246014991,0.11985734743096768,0.23004460782826205,0.11018726039729437
1964-12-31,1,0.07385859269573897,-0.005146855312991615,0.029455672368026684,0.010860165863829898,0.08467143445109054,-0.001973271917156997,0.12080410830624148,0.2318967359271725,0.111092627620931
1965-03-31,1,0.08010560191699523,-0.003290656041460595,0.02844843199264409,0.007883921481213169,0.07738753674473035,0.003512169297426824,0.11927583276445756,0.24065255854776468,0.1213767257833071
1965-06-30,1,0.0805446794057993,-0.0034114361858746545,0.028978719266602847,0.008585424909373026,0.07706750699474521,0.0022583132358519895,0.11934685582265461,0.23824040559250936,0.11889354976985475
1965-09-30,1,0.07940634412663164,0.004564119878877333,0.029178338313384216,0.008767914504159088,0.0835300664733366,-0.0076642515977755924,0.11847093976829752,0.24035696221789535,0.12188602244959783
1965-12-31,1,0.08067426997487877,0.005695355486832405,0.02923339426862748,0.007945772338658586,0.0785106567667327,-0.007553212576941066,0.11723674203900464,0.23738982739030676,0.12015308535130212
1966-03-31,1,0.08126836354862303,0.008049172210814167,0.02856230851013027,0.005822297400890247,0.07472220616437152,8.030321690414133e-4,0.11600610254180417,0.24646427072363378,0.1304581681818296
1966-06-30,1,0.07918571991140164,0.00483862352030669,0.027896310596150716,0.004119351885324001,0.07445765800683495,-8.633744150483054e-4,0.11719282815370798,0.24279206589969207,0.12559923774598408
1966-09-30,1,0.07646302392031604,0.006395506308882702,0.027143690263262563,0.0039066026709352174,0.07511242768148865,-0.003593049614585951,0.11747625171112125,0.24080386707302492,0.12332761536190369
1966-12-31,1,0.07737410926650842,0.0057578164939001706,0.026213785638340002,0.004900984277008815,0.07978259982575345,-0.0072530727155341035,0.1179644354627734,0.24251111841805253,0.12454668295527913
1967-03-31,1,0.07426703152208679,0.008734022767925892,0.027165144461423648,0.005048746105642228,0.08556807278154874,-0.017385123849461604,0.1187770235852968,0.2377483208358506,0.11897129725055379
1967-06-30,1,0.07280357792794438,0.003889359386465925,0.027727292537070826,0.003833999031782733,0.08234322713175647,-0.01945504209153776,0.12055600642180114,0.22857701508746348,0.10802100866566233
1967-09-30,1,0.07235969964159943,0.0028547223695813734,0.027678093646451307,0.004141081072959538,0.08548102071927446,-0.017765156899933316,0.12091425084341444,0.23202420619648118,0.11110995535306675
1967-12-31,1,0.07304419250793305,3.335454864148285e-4,0.026375052612829703,0.003212927950771409,0.0860808291895412,-0.017589419120324832,0.12137538729282459,0.2336565547927877,0.11228116749996314
1968-03-31,1,0.06781161375739922,0.005781916829688571,0.027354690577278983,0.0017715230149540297,0.0815868271703906,-0.014830869585775914,0.12040638364084817,0.2316307578621643,0.11122437422131612
1968-06-30,1,0.06962103893212777,0.007364525271206322,0.027617237334429286,0.0021672959852045925,0.0821763718716019,-0.015361579889205688,0.11981240314059917,0.23382501519782864,0.11401261205722947
1968-09-30,1,0.06891594141929377,0.0016291115610128045,0.027887360975994528,0.0019288512607472457,0.07239081849972392,-0.00721373544027555,0.12045749743643677,0.22636131780296057,0.10590382036652378
1968-12-31,1,0.06827267749966427,-0.0011931448405524622,0.02768509240416103,6.817970517442642e-4,0.07426319432249,-0.0067136349080090495,0.12132888443539974,0.22758798797557928,0.10625910354017955
1969-03-31,1,0.06520949083744994,0.004631862097153333,0.026903256397375716,0.0016842219709927247,0.0679004205018035,0.0050546793283648955,0.12127304228071642,0.23548201667711965,0.11420897439640325
1969-06-30,1,0.062302035638540365,0.0016075003468712216,0.026841886186596896,5.004856197102139e-4,0.0699778002418188,0.0014043329170878676,0.12240193455035579,0.23035222294900004,0.10795028839864423
1969-09-30,1,0.05956565134821294,0.0014534601478121399,0.02654482327400394,0.001657352352916047,0.08007235260535403,-0.004956522414549748,0.12265087052262429,0.23058557841305843,0.10793470789043416
1969-12-31,1,0.0547552514239313,-0.0013408505731847223,0.02685939467146753,0.0024370344469521175,0.08062634675050837,-0.009086381793715148,0.12453823976758589,0.22019713971142818,0.09565889994384227
1970-03-31,1,0.05097697869101979,0.0039355022831050225,0.026541095890410957,0.0037186073059360726,0.08395833333333333,-0.018344748858447488,0.12579813546423135,0.21606164383561643,0.09026350837138507
1970-06-30,1,0.053696217355662254,0.005168755123550767,0.026003981730881837,0.004729359409766952,0.08938470546902447,-0.028497013701838624,0.12673334114064877,0.21575360112425343,0.08902025998360463
1970-09-30,1,0.05178355872010637,0.00605860270942923,0.02561555127299714,0.003439960444137934,0.09459799145350299,-0.03516015244107364,0.1273660086606713,0.21559141814579136,0.08822540948512007
1970-12-31,1,0.048485772656456684,0.004728056380258091,0.025471060289838036,0.002021848084893736,0.0954870807489932,-0.04189662394544225,0.12999261442135276,0.2093049104911961,0.07931229606984333
1971-03-31,1,0.05482770650025195,0.011724379732829672,0.025096110138166032,0.003953641614016048,0.09486713720404949,-0.04172378069622149,0.12742389592267495,0.21807134878377948,0.09064745286110455
1971-06-30,1,0.054851328105608464,0.010617753104592263,0.024395665030083776,-1.1934918371212286e-4,0.098770098013355,-0.04650985798311987,0.1276491410750594,0.22110301131828092,0.09345387024322152
1971-09-30,1,0.0567932579022226,0.010379773706667799,0.024227397202114337,-1.6982614048867473e-5,0.0965818243573142,-0.045400471267539856,0.1276761415500881,0.22181841339928252,0.09414227184919441
1971-12-31,1,0.059489354337614896,2.2011313142854263e-4,0.02378229971175261,-0.0025909499897924636,0.09414793114659618,-0.04546260303100822,0.12862252026174978,0.2158276463773327,0.08720512611558293
1972-03-31,1,0.06043918092586679,0.004044339022386477,0.023835353065027154,-0.004088219735106764,0.08723810731109556,-0.03688255164719257,0.12671937227827848,0.22181050195472324,0.09509112967644474
1972-06-30,1,0.0599746203515721,0.013657946459523252,0.023396024381519134,-0.0037540400941589694,0.08088874569734415,-0.03319490606608343,0.12551791776330595,0.22720076059979363,0.10168284283648765
1972-09-30,1,0.061525718173266616,0.006886125932342863,0.023468772616045984,-0.0027886989119502606,0.08421576269636734,-0.03153112665295692,0.12607259140563135,0.2264920972658508,0.10041950586021946
1972-12-31,1,0.06221442632424916,-0.0018978045065708282,0.023342543930938577,-0.0020934544557018415,0.0960475700276318,-0.032837586462227515,0.12524155243719637,0.2275168108456292,0.10227525840843282
1973-03-31,1,0.06350681311661065,0.004842140414812448,0.02331486979941778,0.0016014635314956914,0.08835345447153882,-0.02289308815309004,0.12376859360140546,0.23266158012036384,0.10889298651895837
1973-06-30,1,0.06026860703861058,0.010167714958833344,0.02367940295087231,0.003824916701263963,0.09382362239698082,-0.02476718436480426,0.1240502246643473,0.23603866504183152,0.11198844037748422
1973-09-30,1,0.06210255272910887,0.0017296235697477679,0.024418379203229375,0.008699727584287765,0.09528621782935032,-0.02296842460584808,0.12640200636334092,0.22943665881361774,0.10303465245027682
1973-12-31,1,0.06048409220687819,7.153070977295097e-4,0.024645580912680376,0.010403112127774441,0.10313698740558251,-0.021274289790142717,0.12708080870344493,0.235093535208892,0.10801272650544709
1974-03-31,1,0.05746545252878704,4.224759909576726e-5,0.02527077022737926,0.011076247528012504,0.09972109878628684,-0.023635855202054173,0.13030299575713397,0.22754690992342452,0.09724391416629057
1974-06-30,1,0.053763391666710236,0.0063337551043883365,0.02535854896814234,0.001740459172736161,0.09125352274687984,-0.0253637775349399,0.13210366156532832,0.23099023826578896,0.09888657670046062
1974-09-30,1,0.046647940483043236,0.0022884233980715704,0.025243169024106008,1.9807362184989224e-4,0.08990106575146824,-0.024918815455639842,0.13537017972777377,0.2238481922737185,0.08847801254594474
1974-12-31,1,0.04572979954103292,0.010329572370456824,0.024512417803821893,0.002745550826134493,0.0978571325872253,-0.03860837080439263,0.13750071108016046,0.2255508761445265,0.08805016506436605
1975-03-31,1,0.04915364986176735,0.009524068816842354,0.023768095854505494,0.011069131176227449,0.09197483348967525,-0.054802996814585093,0.14153934494801115,0.20255105450351338,0.061011709555502204
1975-06-30,1,0.05298292281456037,0.00840389550401882,0.02303352659104654,0.012987838506210903,0.11409550365559162,-0.08699200231497597,0.14273546132736992,0.19520320512781705,0.052467743800447136
1975-09-30,1,0.057163327133850354,0.00526663625410862,0.022245616497643027,0.010754933267829362,0.09291679825946592,-0.05884186639529307,0.14161256740475606,0.20511925231895756,0.06350668491420149
1975-12-31,1,0.05998418690555451,0.008585386453070698,0.022063410168171635,0.01227302732214384,0.09089237276447061,-0.05773709283126475,0.1404169866462788,0.20780426726513496,0.06738728061885618
1976-03-31,1,0.06276727051607618,0.010263737120891276,0.023035594321739183,0.007224440493120796,0.08586109101575568,-0.04864467584772646,0.1383838500357322,0.21837013941873795,0.07998628938300577
1976-06-30,1,0.061420414914820885,0.011300350045240269,0.023706333421870375,0.004854961205658597,0.08356817244424865,-0.04427769967802748,0.13858152858126946,0.2220309318199977,0.08344940323872824
1976-09-30,1,0.06136413510742845,0.009204063696954983,0.024296099033265874,0.0012753384735587246,0.08237594603505433,-0.045569762498688084,0.13924406246720217,0.2210480674328592,0.08180400496565703
1976-12-31,1,0.059906228334883446,0.013252524333431735,0.02473901047060058,0.0019780041390227753,0.07808308341170042,-0.04384489676483103,0.13937484522608753,0.22005373595144018,0.08067889072535263
1977-03-31,1,0.06094693480193579,0.01395018122865384,0.0244185999734493,-0.004033896395943375,0.07132986833265616,-0.03825161617340022,0.13956064622799005,0.22715030513192883,0.08758965890393876
1977-06-30,1,0.06638961160245906,0.010069025428654673,0.024273447900660973,-0.004301260415709061,0.07314526080677695,-0.03319650821120974,0.13894583855608394,0.23538006789211,0.09643422933602605
1977-09-30,1,0.07024021547595839,0.00972634534402846,0.024328844408212896,-0.0037092755017411124,0.0757267144778338,-0.03405518975224135,0.1386640282883001,0.23968301696552186,0.10101898867722177
1977-12-31,1,0.06589889431540427,0.004036464951230669,0.024405457729396056,-0.008747984308796962,0.07906915495756076,-0.034777084190050225,0.13970715298922962,0.2382766475532166,0.09856949456398696
1978-03-31,1,0.06525722275690497,0.0012661388439957144,0.024774373967204777,-0.011353029835297535,0.08063202527737928,-0.03536018449581434,0.14145798906825982,0.23983638707802937,0.09837839800976955
1978-06-30,1,0.06849963094535033,0.009455604719953785,0.0240449504703356,-0.0055133033371890005,0.07190196741940091,-0.022591462721620426,0.1381002070222887,0.2468377313239262,0.10873752430163751
1978-09-30,1,0.0693082783554268,0.012190126899070711,0.024624089738306418,-0.004753965778627863,0.07369565516921756,-0.022558582210915584,0.13861071132872635,0.2513718903088992,0.11276117898017288
1978-12-31,1,0.07000911201643635,0.015852163286365604,0.02486284537953749,-5.090940507858659e-4,0.07206244456385659,-0.017827173672126474,0.1385583635351394,0.2542995435109887,0.11574117997584929
1979-03-31,1,0.06653341829566099,0.0098068162478578,0.025177609524224157,-7.167706927464072e-4,0.07711360281167255,-0.017874939147711755,0.14041700143670768,0.25153703974891256,0.11112003831220486
1979-06-30,1,0.06573128690549376,0.015830216108306157,0.025413632895667608,-0.0010411975392542665,0.07136679753030105,-0.017026165394499252,0.14171748196910602,0.2532444803602281,0.11152699839112212
1979-09-30,1,0.0634481259125832,0.021904246007126347,0.0254359312706532,9.120677471776695e-4,0.06826525314284751,-0.018298335748144844,0.14256747258267372,0.2515406372478271,0.10897316466515342
1979-12-31,1,0.06102795164109472,0.020471143584361005,0.025976519549481387,-9.501142303101859e-4,0.06807597830009586,-0.02064552699216523,0.14435605347219393,0.2482591946864091,0.10390314121421516
1980-03-31,1,0.05448803193872628,0.024299583990777973,0.026625880605424965,-0.003823155576552364,0.07062335429748351,-0.02498205991593789,0.14579678705819182,0.2474240476700831,0.10162726061189128
1980-06-30,1,0.05070402294741598,0.01989953355887997,0.02764221306435515,0.003519042294284023,0.08041533564599664,-0.03655743002668238,0.15048803296832147,0.23378788225436056,0.08329984928603906
1980-09-30,1,0.04968697520692404,0.011459196501432003,0.026551181995481857,0.009857226526466287,0.082196183208512,-0.03899375560785764,0.1524122496090472,0.22035559112377,0.06794334151472282
1980-12-31,1,0.051845267064068785,0.006998359100161209,0.025639101849336658,0.002246816925618905,0.08132954755176337,-0.03194780739406416,0.15093900401164675,0.23127644188337387,0.08033743787172713
1981-03-31,1,0.052810858182847094,0.018982743135375835,0.025362604130457465,5.335755708810495e-4,0.0754236436393759,-0.025222088428227846,0.14901130079130503,0.24511283826994762,0.09610153747864258
1981-06-30,1,0.05383313117464107,0.011198621863747147,0.02612906367429642,5.438680146161366e-5,0.0758142526304872,-0.02781284110326789,0.15191340356397973,0.2387669120818382,0.08685350851785846
1981-09-30,1,0.05656796015713629,0.008820744836317387,0.026346918627777816,0.002168919977832362,0.0860409819147282,-0.029835837415648426,0.1516639989646106,0.24474078308684052,0.09307678412222993
1981-12-31,1,0.055665995492587515,0.00833176360285758,0.02674759770276803,0.0014002605447787715,0.09090964509460749,-0.03929324942742937,0.15496927900298035,0.24243344190381788,0.08746416290083753
1982-03-31,1,0.05168338167951521,6.639583031742337e-4,0.026742493514648313,1.988210006285309e-4,0.08859017891446788,-0.04783584409745954,0.15940069058993336,0.22556044005714804,0.06615974946721467
1982-06-30,1,0.05444013335046032,0.0015738427573821147,0.026176690560424876,0.005233837499234687,0.08970723643536019,-0.04944639390727172,0.16022853733464745,0.22509402840119902,0.06486549106655158
1982-09-30,1,0.052972650863464636,0.0016305629705060892,0.02620456391278077,-0.004169535772276092,0.08941984753686665,-0.060315976902981946,0.16122908028406077,0.22290054249118177,0.061671462207121004
1982-12-31,1,0.05199172035416852,0.006374610183329557,0.026725751573594126,-0.005070592415536415,0.08076504726880722,-0.06936745586633127,0.16143751721130056,0.20954627999321687,0.04810876278191632
1983-03-31,1,0.05532109196343769,0.008806036022782203,0.02688940244076935,-0.0022729804949771304,0.08035353123858291,-0.06863911662678754,0.15900988451416517,0.2102350051663882,0.051225120652223025
1983-06-30,1,0.057921711120449935,0.014588213860996612,0.026593473654092044,-0.00772203792952369,0.07075489095932547,-0.0624293068607552,0.15621814617441143,0.21818054301272366,0.06196239683831222
1983-09-30,1,0.058402425038199555,0.020489924723088793,0.026482857025912812,-0.012986358211406928,0.06853503177807312,-0.06329402829193162,0.15346747880761547,0.22410406217751971,0.07063658336990425
1983-12-31,1,0.06088271397046306,0.018187443243297373,0.026165926951916697,-0.014960315766228003,0.07208568990588467,-0.054579985906681575,0.15098192060201765,0.23635427882950616,0.0853723582274885
1984-03-31,1,0.06328085538224396,0.010726054450629392,0.02568567373941097,-0.020095935214815352,0.07909384056617437,-0.04701802994533852,0.14898617061074385,0.24947992018534032,0.10049374957459646
1984-06-30,1,0.06248302511895822,0.011660511856416636,0.02537634043886162,-0.021928865241204798,0.08023167392466232,-0.046960532980713045,0.14751916711912233,0.2514876168476614,0.10396844972853907
1984-09-30,1,0.06326375711574952,0.010737589520719838,0.024962967497092488,-0.02214311073024423,0.0835739731896921,-0.04961229111832038,0.14768341800820226,0.25282634510620067,0.1051429270979984
1984-12-31,1,0.06434584027049443,0.00799267021184023,0.025075502265730854,-0.024929186118237426,0.08029502349133467,-0.05113014158437488,0.14864684078850662,0.24999981921398576,0.10135297842547915
1985-03-31,1,0.0629868600963366,0.009254242384699615,0.025728056190676116,-0.021136512781525466,0.06589643721005879,-0.04029367155157904,0.1474288964409924,0.2406854763215078,0.09325657988051539
1985-06-30,1,0.06320562100935369,0.01083590790630813,0.02587262482109541,-0.025928738055273633,0.07329249873163136,-0.05172359598750794,0.14774800827123044,0.2434138546602041,0.09566584638897367
1985-09-30,1,0.06440656947601345,0.013897231518476109,0.025667386937961,-0.027645834420882958,0.05812883411108803,-0.046484967423661996,0.14707052313853486,0.23899390280737115,0.0919233796688363
1985-12-31,1,0.059726234413583504,0.0156720357400181,0.02574945534455392,-0.030414973220638446,0.0637304251440226,-0.047273302499902116,0.14787671007858968,0.24439717071691103,0.09652046063832134
1986-03-31,1,0.055610446918228335,0.015151199207434778,0.026751294506924962,-0.028466951529916185,0.0670512660679244,-0.04541433316755008,0.14822642236041927,0.2423424330740696,0.09411601071365032
1986-06-30,1,0.05201437076214321,0.016844284475968793,0.026992260204957163,-0.031210206497203727,0.06828488077899562,-0.05121069050940084,0.14958528954929665,0.23973564133816172,0.09015035178886507
1986-09-30,1,0.048821866327637686,0.020060468753289352,0.02642746256295754,-0.032602168254707534,0.06065756893561582,-0.05095179362927329,0.14995716923242533,0.2347189001640526,0.08476173093162727
1986-12-31,1,0.04609901136351193,0.01762635779979805,0.025603166591055916,-0.03226879267060243,0.05640683549799071,-0.04452696619974076,0.15074650675118464,0.23301500957461813,0.08226850282343348
1987-03-31,1,0.048317971706144394,0.014757454010413886,0.02469528749156106,-0.031964212956962876,0.06142109663467281,-0.04573440606367092,0.15090564564152475,0.2369360520914599,0.08603040644993513
1987-06-30,1,0.052650140652828865,0.00973063734873579,0.024197280157131684,-0.03212210995888609,0.045136033756678934,-0.03132542403914976,0.1505921567321937,0.23470795812041217,0.08411580138821848
1987-09-30,1,0.05569432629993929,0.003972521550069556,0.02461698148551915,-0.031538389884032424,0.050051847097637346,-0.035006873707021414,0.1506945873267882,0.2323265886042843,0.08163200127749608
1987-12-31,1,0.05574846934720769,0.007700089097550836,0.025223273031077915,-0.03135147526135215,0.05808952646508762,-0.0365192130821243,0.14957805460629547,0.24072532834504196,0.09114727373874648
1988-03-31,1,0.05601599882681577,0.001017666356813575,0.026310706173330086,-0.025006445417367382,0.058261251096903596,-0.035488231495738924,0.150551152172559,0.22905751835268534,0.07850636618012635
1988-06-30,1,0.055883234721300586,0.0026209837465481934,0.02716146862950469,-0.021186172889744885,0.060923854863434476,-0.03348512418796324,0.14984096449427325,0.22980938860539696,0.07996842411112372
1988-09-30,1,0.0543867071373609,-5.118463855108101e-4,0.028395548980802918,-0.020151490629557803,0.06217741042451638,-0.030435362830752804,0.1498004385902645,0.22717120636930738,0.07737076777904288
1988-12-31,1,0.05673960354543348,-8.824876484139576e-4,0.029184505480035313,-0.022152940202525822,0.060780896929702316,-0.031558610236597444,0.14911244707620638,0.22715658034832428,0.07804413327211791
1989-03-31,1,0.052626689429790284,0.003147922985934415,0.030660541259855068,-0.019358937069301665,0.06433509766290897,-0.027004203944184745,0.14850125733658026,0.23030933256012742,0.08180807522354715
1989-06-30,1,0.0529888571203053,0.012459235811443214,0.031589517828447156,-0.016672715704317338,0.05833535116400767,-0.031077621358038352,0.1481850303512023,0.2259761890635181,0.07779115871231577
1989-09-30,1,0.053134785918022814,0.01565483511592321,0.031975299212605335,-0.014337096920039366,0.05618797039346908,-0.032430406128492205,0.14834659411644383,0.22325241665810708,0.07490582254166324
1989-12-31,1,0.04995861489616663,0.016508106417048748,0.03285961584671034,-0.01522157516733693,0.059102312989702706,-0.035994165544243256,0.14929486986529353,0.22122926199145782,0.07193439212616429
1990-03-31,1,0.05126227267487311,0.017856860071711465,0.03289508524271881,-0.015331786855826646,0.05933096202241524,-0.03806681116576512,0.1481466534734188,0.2209683414837568,0.07282168801033802
1990-06-30,1,0.052836832310183775,0.015961166625391692,0.032550350434595275,-0.012224942567383911,0.06246262601450865,-0.0403321930702339,0.14802447236825061,0.218629174225356,0.07060470185710538
1990-09-30,1,0.047143396735823545,0.01731088810257358,0.03254866572814223,-0.013694498992205636,0.06003126124250971,-0.03957247042284803,0.1487941379684116,0.21485188315570306,0.06605774518729148
1990-12-31,1,0.04838266747247546,0.012873012005696174,0.03185603756236955,-0.009044532038310446,0.06007227965006937,-0.042669507536804714,0.15102503308640033,0.2068698141949026,0.05584478110850226
1991-03-31,1,0.05484792660630722,0.010290831521456368,0.032764070918869334,0.007717916522097608,0.06441268178005687,-0.039905865245399554,0.15226907971894119,0.20143332972117806,0.04916425000223687
1991-06-30,1,0.05415741369725644,0.015076396367341063,0.03294704532271169,0.002411022151306819,0.06384654983252437,-0.04980151340115054,0.15161856101867482,0.1995395032563162,0.04792094223764137
1991-09-30,1,0.0530822339962523,0.017362728625830395,0.03293974785757574,-0.0020994412286170485,0.0630986102501524,-0.05343737778839844,0.1511102997017211,0.20037506020444618,0.049264760502725075
1991-12-31,1,0.052910189734601425,0.017339022498060512,0.03264373760882682,-0.0026804841217391863,0.0690148039600673,-0.056921976713374005,0.15066916325859522,0.20304715110766314,0.052377987849067935
1992-03-31,1,0.054844476797637376,0.012321506083039373,0.03195799784444757,-0.00342427325540279,0.0712364818291456,-0.061438116189242296,0.14901049833870336,0.19743939355364726,0.04842889521494391
1992-06-30,1,0.05425465281296812,0.01474741077675075,0.031806450027608804,-0.0060873810399175495,0.07308427151481209,-0.0615001662091472,0.14761489487406665,0.20248122207535652,0.05486632720128987
1992-09-30,1,0.052203858867874764,0.021265057736520085,0.03158220466140908,-0.008025412079021833,0.06814838819420767,-0.06400791515784097,0.14670392366508236,0.20075667300831584,0.05405274934323349
1992-12-31,1,0.05308493604735837,0.02223909311500429,0.03135491347372464,-0.010241283869618667,0.06410711406997033,-0.061831639100868564,0.14583217017475295,0.2023202899411942,0.05648811976644126
1993-03-31,1,0.05165170038185834,0.027261329625457263,0.03164414851178973,-0.008517623779266655,0.06395328361462638,-0.062358207398247024,0.14654461822265358,0.2039267941152476,0.057382175892594034
1993-06-30,1,0.05338820042300276,0.02124780380614366,0.03189748065006897,-0.010940764779945891,0.060126401484871576,-0.05650704169915459,0.14650388261666022,0.2038015027010816,0.05729762008442139
1993-09-30,1,0.05609510355708391,0.02397001612008431,0.032519008011801055,-0.011248459408744253,0.053338821969695874,-0.05723298331409986,0.14656809594981066,0.2014685056795181,0.05490040972970743
1993-12-31,1,0.05781852701084642,0.018336584571593637,0.033197133967650345,-0.015433995395893031,0.051827000096097114,-0.04937851969948121,0.14565699488632167,0.20649730571629563,0.060840310829973966
1994-03-31,1,0.06137034245069883,0.022404833738355952,0.03456914419086262,-0.013065000930343417,0.048427045055042035,-0.04716503842515064,0.14521297556429125,0.2087462961932371,0.06353332062894586
1994-06-30,1,0.06242173411061869,0.0205208246083756,0.035252025995555915,-0.01506844759526481,0.04945541774856142,-0.042078777899223825,0.14447081116130403,0.21460684529768534,0.07013603413638132
1994-09-30,1,0.06424432978792333,0.017082351496881427,0.03590837632952876,-0.016600430359803985,0.04788942958570196,-0.0428591986850496,0.14489962249738272,0.21194899793004437,0.06704937543266166
1994-12-31,1,0.06514101131975049,0.016582592114483038,0.0361528622368445,-0.018581307657061674,0.05026231045668525,-0.04355096677687033,0.14485114458354928,0.21571400058589288,0.07086285600234359
1995-03-31,1,0.06420359547472851,0.01599885354045823,0.03620134775465288,-0.015849430937843523,0.05409643261512553,-0.042772087060202024,0.14611908688964226,0.21729476227249447,0.07117567538285222
1995-06-30,1,0.06746935792218359,0.013195757761149358,0.03671232161152418,-0.015747664851997696,0.04911359284273559,-0.04304064491781226,0.1471776073780269,0.21295127804429945,0.06577367066627253
1995-09-30,1,0.07014385422598227,0.00945500691450419,0.0372778003741967,-0.012987944358578052,0.048599105181810785,-0.04148585373789961,0.14717474985764256,0.2095977873586594,0.06242303750101685
1995-12-31,1,0.07147531079102888,0.009726492572742199,0.03822949015938839,-0.010942690116262463,0.04676757516738959,-0.036668362370001435,0.1471658210021735,0.21117875054711518,0.06401292954494167
1996-03-31,1,0.07407299616647103,0.006126859764823344,0.03899577401852559,-0.013080945363188871,0.04717970512175941,-0.03581256224210355,0.14686149832470566,0.21251506646528903,0.06565356814058339
1996-06-30,1,0.07279505131435457,0.00816709905836541,0.03973289646003157,-0.013611997749239373,0.04563579008171456,-0.029694852629954038,0.14534834504359603,0.2161304096683116,0.07078206462471556
1996-09-30,1,0.07267646636351294,0.007949791721187769,0.04058522214111012,-0.016421264312404444,0.04640475548638071,-0.0274186217196333,0.14534764458996524,0.2207944798735963,0.07544683528363105
1996-12-31,1,0.0738748083935983,0.0060120310841547545,0.04108927475107965,-0.013837792839535137,0.044141901754903366,-0.023145435872253598,0.14482362767684478,0.21845339295726235,0.07362976528041756
1997-03-31,1,0.07634549075622514,0.0015192543516383253,0.041491727208643664,-0.01577943846780717,0.04328218729578106,-0.020290087298830334,0.1450857413106244,0.22023137388783823,0.07514563257721382
1997-06-30,1,0.07728894536511782,0.005164796788289464,0.04173674186287428,-0.011960334905341992,0.0451476582744686,-0.017654077880458863,0.14452979137381033,0.22470117651201896,0.08017138513820862
1997-09-30,1,0.07888871791562635,0.0016031725454854612,0.04204564724455295,-0.014172631716012206,0.04149582647596517,-0.012280754206798406,0.14404149778888475,0.2258749832473779,0.08183348545849313
1997-12-31,1,0.07759105817572556,-0.003375235443405914,0.042549390496613756,-0.018681352654095006,0.04346715063255862,-0.012679121510187139,0.1443060027901277,0.2254413604889945,0.08113535769886678
1998-03-31,1,0.06937521992944214,-0.0031461188656603297,0.043509261849121635,-0.018593737311762955,0.05094005738466675,-0.0062876135738195995,0.14451574920374263,0.2304816567566836,0.08596590755294096
1998-06-30,1,0.06874935268173435,-0.008561602791799367,0.04343166922323703,-0.02186004234924717,0.048554583604198974,-0.005027036024285765,0.14493619016647047,0.2270800837352513,0.08214389356878082
1998-09-30,1,0.0679399638004069,-0.009836316837766335,0.04261022550248068,-0.024626971953044682,0.04641042628973248,-0.0013399704004902042,0.14458447267910868,0.2297753219815555,0.08519084930244683
1998-12-31,1,0.06477142058777548,-0.0033535646849668778,0.041158744397320805,-0.025369079871069383,0.04173201803186597,-4.549175913770521e-4,0.14404974138666585,0.23095395723968315,0.08690421585301727
1999-03-31,1,0.06906342564485285,-0.007900819428450726,0.03942355893452413,-0.02488789995242083,0.04256072400236217,0.0012790487396407994,0.14436176232898645,0.23482858855622193,0.09046682622723548
1999-06-30,1,0.06795798119084084,-0.004371938053013739,0.03866679403456359,-0.027525847110235865,0.03198564801741721,0.0024500824567167847,0.1452002422789336,0.232081068966567,0.08688082668763339
1999-09-30,1,0.0648944224748638,-9.54408686781135e-4,0.038577932089047313,-0.03028660340556144,0.029191485249869253,0.0032317754396628917,0.14562924180204748,0.23370129083129668,0.0880720490292492
1999-12-31,1,0.06378648687714321,8.071579384149906e-4,0.03923064343649083,-0.0319862216493476,0.027801040568095355,0.005170517796211358,0.14577478424863252,0.23609566664973095,0.09032088240109842
2000-03-31,1,0.06025277092121627,-0.015385047598128367,0.04028632161052107,-0.0370437281716314,0.029666235727235032,0.014773580836735675,0.14786478026438038,0.23392952675611983,0.08606474649173942
2000-06-30,1,0.05815303306491591,-0.003867787176074288,0.04047797949202359,-0.03703243258012514,0.030748888533254227,0.011648835057944597,0.14697249729695971,0.2402098222824199,0.09323732498546018
2000-09-30,1,0.058080676166740876,-0.012035667194699833,0.040613326109826695,-0.04039361650060839,0.03259358616575718,0.01086171814465072,0.14779401182283863,0.23707451857961176,0.08928050675677313
2000-12-31,1,0.05500010349046507,-0.006260885663734181,0.0398115361971317,-0.04031049439311658,0.030581719904206155,0.00897176090176225,0.14707566609529707,0.23586722709947655,0.08879156100417945
2001-03-31,1,0.056679456260325105,-0.019979501884915433,0.03900993206358102,-0.0404633861468768,0.03423945469779989,0.004565228790081136,0.14960930661415206,0.2265671120341089,0.07695780541995684
2001-06-30,1,0.05900358524389093,-0.012558354561751108,0.037960939711293516,-0.03576592131333145,0.03223238041324653,-0.0011986979903764506,0.1503934333427682,0.22567704500424568,0.0752836116614775
2001-09-30,1,0.0575933051645496,-0.011384485026448336,0.03769449387715819,-0.03888782999088509,0.04665418634801595,-0.024532695729957102,0.1520641591542571,0.22158771166689628,0.06952355251263916
2001-12-31,1,0.059938285994091255,-3.705279272527043e-4,0.03765361079465107,-0.032905037444426674,0.02420588595338008,-0.018206335277119713,0.15252533543330427,0.2133440708261788,0.06081873539287453
2002-03-31,1,0.0670210970464135,-0.004012890063522975,0.03883905967450271,-0.03750572634116938,0.04052098112857607,-0.0363686187230491,0.15185514907033895,0.21768229239115314,0.0658271433208142
2002-06-30,1,0.06868902388619569,-0.007336605599469481,0.039376952934844306,-0.041921072499921934,0.04360677329698571,-0.04114430730399928,0.15148170464001706,0.21784061663601983,0.06635891199600277
2002-09-30,1,0.070298178083838,-0.006163670197850699,0.039094722888845995,-0.042033441247482706,0.04019777786679582,-0.042098171528872796,0.15152921875739708,0.2167019602987607,0.06517274154136364
2002-12-31,1,0.07558143687169645,-0.012280506513034974,0.039157223119283005,-0.04513068062700375,0.04096530711707967,-0.045486782770369806,0.15194595492283866,0.2166990479443305,0.06475309302149188
2003-03-31,1,0.07224473603266975,-0.006413564761960417,0.03950160231728128,-0.048897502436207774,0.03809343887116391,-0.048679856837163776,0.15169209161626826,0.21633292402477183,0.06464083240850359
2003-06-30,1,0.07492349793145195,-0.005680043236110426,0.03832670100309686,-0.046499503304496884,0.03802562520960833,-0.05163078596339746,0.15105006149689654,0.214861334531272,0.06381127303437549
2003-09-30,1,0.0760777368142894,1.0979824874386914e-4,0.03914765780882984,-0.04553177755843104,0.04062656240962718,-0.05510056525348828,0.14919705923978632,0.21729462475324574,0.06809756551345941
2003-12-31,1,0.07801297527724983,0.0032175711084234306,0.04182825451821633,-0.04344655398457081,0.03685111933724729,-0.046912676047723825,0.14838789307110273,0.2211750972670098,0.07278720419590708
2004-03-31,1,0.08530947468462768,6.243161059046096e-4,0.0447649911975958,-0.04603861618204869,0.03372632092045195,-0.04927752855361373,0.14878138846929082,0.2204373450060205,0.07165595653672968
2004-06-30,1,0.08500443538516851,-0.00294539295778892,0.04644031961191515,-0.0515576271907067,0.036939307667127746,-0.046324409313607116,0.14890089545658874,0.22669197870189547,0.07779108324530674
2004-09-30,1,0.08706625523442851,-0.005751095848319753,0.045899870681812324,-0.05276577008602873,0.032966182802265716,-0.04205770729653474,0.14913451570123362,0.22822396873153997,0.07908945303030636
2004-12-31,1,0.08381145241072756,-0.0010694317188163307,0.05254616070261113,-0.05813918401968706,0.03296582943342391,-0.04046917375244009,0.14964324869041112,0.23047502820659088,0.08083177951617973
2005-03-31,1,0.08650342758829088,0.0013494645612231134,0.04340969568630326,-0.05394623414874547,0.017958162760668164,-0.0320677393770297,0.14972649629686371,0.2340065852680045,0.08428008897114075
2005-06-30,1,0.08767957608714494,-0.003258385892188107,0.04396371767537571,-0.055884873821604474,0.016015283545425956,-0.03205409166660476,0.15081798973833244,0.23112168272528494,0.08030369298695253
2005-09-30,1,0.08792531973403825,-0.0028863298566604795,0.04354154971275943,-0.057422016060393336,0.012724306117445792,-0.031086824095185733,0.15139079341885747,0.2319478077543313,0.08055701433547381
2005-12-31,1,0.09067295877487315,-0.01239758862893423,0.046713184517439096,-0.06297569445799539,0.01750521081784698,-0.026835149026538472,0.1526515204960837,0.23785916216833666,0.085207641672253
2006-03-31,1,0.09224415331535184,-0.01446655528723833,0.04986918309660302,-0.058956214942687636,0.022786039725983073,-0.022954432479653154,0.15224675641730812,0.23894299353783616,0.08669623712052804
2006-06-30,1,0.09151124839894414,-0.015971295584285047,0.051632742508338283,-0.060259176187689695,0.021359553810018507,-0.02162174306558134,0.1532050491572135,0.237109319104828,0.08390426994761449
2006-09-30,1,0.09286672970835003,-0.018373867751468112,0.052265333389857435,-0.06314355652569381,0.017440066421594284,-0.022178502555264573,0.15436762645178279,0.23500020331375465,0.08063257686197185
2006-12-31,1,0.08993992689229578,-0.011960987381370925,0.05342952343235828,-0.05490827347865603,0.018395590745009106,-0.02239699819652468,0.1551352748946548,0.2305914857730584,0.07545621087840358
2007-03-31,1,0.0822169874598075,-0.00888675446520177,0.0549777143515974,-0.056666205437935976,0.01966093568279075,-0.022652919658762025,0.15579131761183504,0.22781777633679948,0.072026458724964465
2007-06-30,1,0.08623218504102392,-0.007588416730303299,0.05720554847556068,-0.0540671133520834,0.020571956193555903,-0.023314615206329194,0.1555975031943298,0.22836010793439449,0.07276260474006466
2007-09-30,1,0.08330233820560491,0.006796773192635022,0.057344087526899165,-0.04867833731354946,0.017153940743541127,-0.02880325666156074,0.15556047785114607,0.22534445445611292,0.06978397660496685
2007-12-31,1,0.08101707788035901,0.012627677036679026,0.056579865332504975,-0.04554905593984067,0.015500448588106142,-0.03281013231480297,0.1556090366752207,0.22091343438809413,0.06530439771287344
2008-03-31,1,0.0786213587453417,0.009006334461584364,0.060889245313886925,-0.05001530611759206,0.020449136295707392,-0.039028083971904194,0.15773902736320403,0.21591390169460684,0.0581748743314028
2008-06-30,1,0.07687763933903957,0.01666944599518045,0.058465456825749426,-0.04919216389459199,0.034468068475210153,-0.06351526914203373,0.1578936640794807,0.2131202558157197,0.05522659173623901
2008-09-30,1,0.07789798495858682,0.012617894665272479,0.05542875732792518,-0.04825995357137751,0.025929258737449407,-0.05827022338883304,0.15947648563504166,0.21048279820677887,0.05100631257173722
2008-12-31,1,0.06154874974748786,0.013454558324021787,0.05305421082077892,-0.04320029922901568,0.041514124010684675,-0.06856795381281852,0.16379927203944028,0.20189490717171418,0.03809563513227392
2009-03-31,1,0.07799470885465094,0.018595511216138814,0.049451517306402605,-0.027939279194051765,0.04271437779842175,-0.09925672005810864,0.16543941605313375,0.18397498645614807,0.018535570403014318
2009-06-30,1,0.07833575639812879,0.01341212952767064,0.04444569298494232,-0.024650732384893757,0.05167573913674735,-0.11381553018113325,0.1647323637551042,0.17454549803646915,0.009813134281364967
2009-09-30,1,0.08901270008295452,0.012820438287197585,0.04145621785823983,-0.02537462760094518,0.038240259696217326,-0.11517597001622687,0.16326391204523646,0.17207974983808438,0.00881583779284791
2009-12-31,1,0.09204962662227638,0.008218207198580817,0.040069211846716954,-0.027854075785620734,0.040109481451035336,-0.10978879684592077,0.16173563086669265,0.18010914973870146,0.018373518872008807
2010-03-31,1,0.0967377397709794,0.007592682773198885,0.03980301545384538,-0.028551719280089347,0.040762742801875564,-0.1137405593510428,0.16082720776234521,0.18092851758360023,0.020101309821255013
2010-06-30,1,0.09499123275648051,0.007641824107339605,0.04072063691035223,-0.029648149393001814,0.04691121135755728,-0.11082894592880078,0.15905836460184458,0.1867011993770708,0.02764283477522621
2010-09-30,1,0.10376283045782393,3.5887868440912516e-4,0.042994511745021516,-0.031218284822740413,0.04601433652319731,-0.10572536983690041,0.15796031425198132,0.190594697115042,0.03263438286306069
2010-12-31,1,0.10362289390216803,0.002989325433388502,0.04540763451441898,-0.027483504658618575,0.04470323408890469,-0.10247445470693506,0.15758320632047843,0.18849994454414307,0.030916738223664638
2011-03-31,1,0.09347854352240909,-4.884881217719657e-4,0.04849008380186677,-0.03104755981325019,0.0503997407931812,-0.09936482864678302,0.1587624177211166,0.1853449264199703,0.02658250869885368
2011-06-30,1,0.10012676169412142,-9.991297466778004e-4,0.049247891970574525,-0.030720925719678414,0.04816211612903557,-0.09854977705664116,0.15835325882840467,0.18856652070742036,0.03021326187901569
2011-09-30,1,0.10326585155115647,-0.0033617124072066913,0.05158279054786396,-0.027888990572404345,0.0502257203623796,-0.09637562884721569,0.15897410989999794,0.18903454058365202,0.030060430683654073
2011-12-31,1,0.10844596089484461,-0.0013579502771669117,0.05266054544367694,-0.028428900196619686,0.050259562099066804,-0.09330033046423493,0.15837747634349367,0.19819301022663496,0.03981553388314129
2012-03-31,1,0.10944784008518367,-0.012821052965668574,0.05484770024902287,-0.02907851579504512,0.056609747893511676,-0.08662280735873015,0.1579625865146786,0.19880700525023484,0.04084441873555625
2012-06-30,1,0.10670708512896959,-0.010646496924344648,0.05553431317048099,-0.027502982486395638,0.0601013196981696,-0.0849353509245785,0.15819558261911512,0.2013906238093578,0.04319504119024268
2012-09-30,1,0.10449466685368174,-5.973819974471096e-4,0.055379866382271416,-0.024384264238804267,0.052692045689275206,-0.08433068062392196,0.15871451286528218,0.1999778670245689,0.041263354159286704
2012-12-31,1,0.10347866275519521,-0.013780220833585304,0.06675274242392962,-0.023450680521611533,0.07079429580938221,-0.07826864832133698,0.15894289908192963,0.19786584008605382,0.03892294100412418
2013-03-31,1,0.10209122445690641,-0.0038007136992498107,0.051677272524957525,-0.02289690488256711,0.03544007098910278,-0.06215318675202451,0.15816807461760557,0.2009650419033566,0.04279696728575104
2013-06-30,1,0.10182060313520122,-0.0071783876403449945,0.06686806920351848,-0.02251975902233092,0.038903949843762393,-0.04643185684566876,0.15926850684695099,0.20203450515871327,0.04276599831176229
2013-09-30,1,0.10147790724436556,4.0403830684237986e-4,0.05589743160221303,-0.020789628873414977,0.03846721904503275,-0.05793413857086519,0.15894772617268138,0.20625494946925882,0.04730722329657746
2013-12-31,1,0.1018780865702859,0.003336315531061244,0.061809901443221994,-0.01712218908087526,0.03314299501413999,-0.046888035663525035,0.15903158320148436,0.2058132322910997,0.046781649089615344
2014-03-31,1,0.09609647501316743,-0.006722628289836721,0.059512710334347456,-0.021609818686620295,0.038834525796357634,-0.0472936615268822,0.16134255563144406,0.20435437497652306,0.04301181934507899
2014-06-30,1,0.10284962623529353,-0.0076623534378612605,0.060548192802720405,-0.01970881310212034,0.0408199716551204,-0.045891921846312474,0.15993342583740577,0.2092093687430459,0.049275942905640135
2014-09-30,1,0.10609968598469982,-0.0070027748465139854,0.059615334065593856,-0.019996373895009658,0.04015591128129791,-0.04827701599867178,0.15940191284901542,0.2107587590992432,0.05135684625022777
2014-12-31,1,0.10497597738375315,-0.010564602802388265,0.06107543406882026,-0.023864678131444148,0.04187492696967225,-0.047423864086352005,0.15990276728904554,0.21155439298810594,0.05165162569906039
2015-03-31,1,0.1011225990225941,-0.008271805581290346,0.06176611447298034,-0.02319242269879823,0.045855546831408196,-0.044513727079575655,0.160057649864542,0.21567607304198425,0.05561842317744224
2015-06-30,1,0.09844755277195835,-0.0055406562790895125,0.059985555628009606,-0.022176027900548498,0.042744432866383984,-0.04253824881081746,0.1593488194390043,0.2146521534390122,0.05530333400000788
2015-09-30,1,0.09674628752915639,-0.003214281172761581,0.06098841482812443,-0.024681731929558835,0.04162925602335359,-0.04426722942852985,0.15959595092303255,0.2141831379466141,0.05458718702358152
2015-12-31,1,0.09229619503234503,-0.0033654211520098825,0.06402306638675916,-0.022446592070349138,0.04266705476612406,-0.037957190120149364,0.1600671587089372,0.21213110594187612,0.05206394723293893
2016-03-31,1,0.09594528923320624,-0.0035695908000962753,0.06111643607908978,-0.023110468984207162,0.043621068909188,-0.047697300859287355,0.15985332560578727,0.21014660908036317,0.05029328347457588
2016-06-30,1,0.09262273415854955,0.00434428679977909,0.06007299603210867,-0.021227732250118134,0.03882639858202103,-0.048950865078975704,0.16005593718839684,0.20805296065531612,0.04799702346691927
2016-09-30,1,0.09288188907859829,0.004856865152613142,0.06061180759342303,-0.02079158978266615,0.037754916081337284,-0.04865911003751249,0.15986358496555192,0.2068774510538205,0.047013866088268554
2016-12-31,1,0.09469768503207988,0.005485930160431096,0.060569964062214904,-0.02028646400702715,0.03860099377774416,-0.048139596369269004,0.16008058722077861,0.21044162830021865,0.05036104107944003
2017-03-31,1,0.09913654940507521,0.0022338595620226553,0.06311352170457349,-0.018628342075688052,0.040921554076216685,-0.049213478530487735,0.16023835788267313,0.20883166276661452,0.04859330488394137
2017-06-30,1,0.0975846410677947,0.0016828849627003285,0.06505495265281634,-0.022029161191961806,0.0448632654038659,-0.05075616646696994,0.16096668887843663,0.21131557382889332,0.050348884950456675
2017-09-30,1,0.09785409185533953,0.004619350573146911,0.06434662369281448,-0.017757182331734338,0.044840205163412944,-0.0492978705955208,0.16099752216505744,0.2124238578003559,0.051426335635298435
2017-12-31,1,0.09867022593302979,0.00523319556214955,0.06322480591990214,-0.01871150139181901,0.041049577663181396,-0.04692707842576726,0.16005170012728395,0.21356436623924593,0.05351266611196197
2018-03-31,1,0.09978088455189113,0.006079921182781677,0.06223153217053865,-0.019276384305365955,0.04329855646882491,-0.051663342688483535,0.15984772747966863,0.21438864832140292,0.0545409208417343
2018-06-30,1,0.10062498688104785,0.005379353451392241,0.0626324042394234,-0.018301424154575852,0.04567110534265925,-0.05394046677814861,0.1601090855448971,0.2135130843570003,0.05340399881210318
2018-09-30,1,0.09962132303270439,0.0018219381664168917,0.06424911521039986,-0.023296855144520845,0.04945051933459399,-0.05249483982916265,0.16031930795774552,0.21776598859641913,0.05744668063867362
2018-12-31,1,0.10037467013247574,-8.818776790195673e-4,0.06641762279108095,-0.02445598301203464,0.05440153147546067,-0.05606628056292738,0.16116896622394628,0.21703532200486791,0.055866355780921646
2019-03-31,1,0.10066577954185561,-0.004556500852226433,0.06547802745556995,-0.022285824298017832,0.06206291440638666,-0.05830601996300914,0.16202887841921768,0.21870284839467224,0.05667396997545456
2019-06-30,1,0.10040961384910525,0.0014332626833810501,0.06655239533733696,-0.02222090248786812,0.055117110187037265,-0.0565420491915393,0.16205721126362094,0.21814365594213642,0.056086444678515465
2019-09-30,1,0.10234480219257776,0.0061237334335379244,0.06568781580326097,-0.020495077919610336,0.05240662032511609,-0.05956039476208523,0.16147927827249597,0.2176013476730873,0.056122069400591355
2019-12-31,1,0.10042634616587506,0.004677069488763555,0.06561713128110677,-0.01842470159649244,0.051964192035663694,-0.05795650611645579,0.1612220858089003,0.2131407120410147,0.051918626232114407
2020-03-31,1,0.09185289226325759,-0.002909311136247448,0.06726465001541242,-0.018149990281718674,0.06930495929954295,-0.06112566306711723,0.16447215635233536,0.21248037397807745,0.048008217625742075
2020-06-30,1,0.08963823541065316,0.005714115546701995,0.0729877247403888,-0.02566008791279207,0.22214760372081896,-0.24681166604387866,0.1809433096523236,0.2043039614590223,0.023360651806698707
2020-09-30,1,0.11025843925711995,0.016883641819616366,0.068347034595919,-0.029978556553970782,0.12261780036992485,-0.1620930965222999,0.16816341180840036,0.21746171869081343,0.04929830688241307
2020-12-31,1,0.09705468028289585,-0.008321868072204312,0.07236826512581306,-0.03291674881002985,0.09679596841735626,-0.09238129425128432,0.1674764314761805,0.22117244694113855,0.05369601546495806
2021-03-31,1,0.10623935158052909,-0.00319815966108242,0.07339970889618823,-0.03226110759712807,0.1721090778681679,-0.18451981698379902,0.16532422190349327,0.21481607340824863,0.049491851504755366
2021-06-30,1,0.1114657242575914,5.65464335476153e-4,0.07683256854757796,-0.03525838212543665,0.08108314648381301,-0.10786222539388662,0.1639594558937389,0.20763737915459152,0.04367792326085262
2021-09-30,1,0.10714993885804479,-1.6018315182949764e-4,0.07883529013189113,-0.038475850385998586,0.06513604258144066,-0.084204216438534707,0.16436440630487936,0.21192654840810807,0.0475621421032287
2021-12-31,1,0.10229035121757994,0.0016632188317938035,0.0783602153317983,-0.03748058729641682,0.04671091235985426,-0.052613826310648766,0.16310828448545694,0.2202792719882774,0.05717098750282048
2022-03-31,1,0.09980144724248351,-0.004510347069389106,0.0772255400470396,-0.044553591105654704,0.02811721356838971,-0.03184127637588159,0.16544187976914562,0.22433692823989468,0.058895048470749035
2022-06-30,1,0.10619061266687839,-0.005931075039794634,0.07518933891757264,-0.039581709763280404,0.02162574757950637,-0.033923181137314025,0.16677781356314192,0.21913232762584395,0.05235451406270204
2022-09-30,1,0.10596681107977687,-0.00596376814465475,0.07138444969364645,-0.03595245158049704,0.023566974713516892,-0.04048269337381451,0.16804168736484473,0.21569697505704927,0.04765528769220454
2022-12-31,1,0.10224335774917115,0.007961366845138887,0.06966899364047166,-0.033417618368091526,0.02356931439062677,-0.048907648909504386,0.16776030207049614,0.21637527900681622,0.04861497693632009
2023-03-31,1,0.09654044602215123,0.012239161759735292,0.06862953618202941,-0.03254173134000167,0.035362725058823694,-0.06478395050332851,0.16810151683841348,0.2113720197447557,0.043270502906342205
2023-06-30,1,0.09613892939928491,0.016157809781113794,0.06857281813273408,-0.030935063695053604,0.03796883362428395,-0.06837476183360522,0.16838547017604694,0.2126385267094439,0.04425305653339695
2023-09-30,1,0.09771519349711091,0.02319721226935275,0.06655514237384194,-0.029731227613287416,0.031288844441431055,-0.06799457793169231,0.16702070341723876,0.21440349715148005,0.047382793734241285
2023-12-31,1,0.10026691707028057,0.019851165708135044,0.06658196992395249,-0.02841023918233281,0.029169118944745068,-0.06331548902353537,0.16694421196438902,0.21474422969161425,0.04780001772722523
2024-03-31,1,NA,NA,0.06690375059864948,NA,0.026717850887790197,NA,0.16632135383841706,0.21436060134424165,0.04803924750582459
