Date,Nominal GDP,Corporate Profits,Statistical Discrepancy,Dividends,Foreign Saving,Personal Savings,Net Govt Saving,Consumption of Fixed Capital,Gross Domestic Investment,Net Investment
1947-03-31,243.164,9.959,3.072,6.068,9.405,12.595,2.583,28.071,40.802,12.730999999999998
1947-06-30,245.968,13.603,2.759,6.368,9.873,8.476,2.323,28.706,39.622,10.916
1947-09-30,249.585,13.868,2.006,6.592,10.081,12.635,-0.348,29.515,41.003,11.488
1947-12-31,259.745,14.455,3.623,6.556,7.797,10.372,5.548,30.191,49.835,19.644000000000002
1948-03-31,265.742,17.971,0.672,7.164,4.916,12.763,4.799,30.615,54.739,24.124
1948-06-30,272.567,19.109,-1.087,6.824,3.024,16.672,2.651,31.086,58.581,27.495000000000005
1948-09-30,279.196,18.762,0.256,7.26,0.932,19.876,-1.057,31.65,61.294,29.644
1948-12-31,280.366,20.713,-0.857,7.564,0.796,19.458,-2.213,31.959,60.7,28.741000000000003
1949-03-31,275.034,20.168,0.854,7.432,2.192,15.143,-5.397,32.249,53.392,21.143
1949-06-30,271.351,19.144,0.69,7.4,1.708,13.204,-8.649,32.256,47.535,15.278999999999996
1949-09-30,272.889,19.987,2.026,7.296,0.648,13.895,-8.746,32.255,51.473,19.217999999999996
1949-12-31,270.627,16.892,3.395,7.596,-1.032,12.25,-9.098,32.382,49.257,16.875
1950-03-31,280.828,16.616,3.323,8.476,-0.957,24.168,-11.563,32.405,57.429,25.024
1950-06-30,290.383,17.781,0.451,8.572,-1.245,20.554,-0.844,32.769,63.381,30.612000000000002
1950-09-30,308.153,18.717,0.629,9.356,-2.681,13.777,10.353,33.572,70.375,36.803
1950-12-31,319.945,20.208,0.648,9.736,-2.489,21.489,10.838,34.823,80.759,45.936
1951-03-31,336,14.668,3.465,8.612,-1.71,17.543,14.45,36.253,79.477,43.224000000000004
1951-06-30,344.09,18.564,3.441,8.892,0.35,28.863,6.625,37.336,85.586,48.25
1951-09-30,351.385,21.229,4.562,8.836,2.19,29.193,0.896,38.267,83.121,44.85399999999999
1951-12-31,356.178,21.114,2.306,8.96,2.678,27.918,2.429,39.045,81.173,42.128
1952-03-31,359.82,20.498,3.767,8.432,3.522,27.357,3.009,39.53,82.208,42.678
1952-06-30,361.03,19.757,2.426,8.992,1.126,26.163,-1.136,40.176,77.268,37.092
1952-09-30,367.701,19.764,1.702,8.9,-1.054,30.082,-2.641,41.003,82.065,41.062
1952-12-31,380.812,22.212,2.541,9.084,-1.234,27.624,-0.202,41.709,86.035,44.32599999999999
1953-03-31,387.98,22.056,2.907,8.764,-1.347,27.936,0.231,42.496,88.21,45.71399999999999
1953-06-30,391.749,21.133,3.234,9.524,-1.827,29.81,-0.472,43.266,89.273,46.007
1953-09-30,391.171,20.434,3.572,9.4,-1.179,29.134,-0.269,43.817,88.465,44.648
1953-12-31,385.97,17.777,5.446,9.228,-0.931,29.88,-6.809,44.381,82.375,37.994
1954-03-31,385.345,20.412,2.787,9.744,-0.488,30.581,-7.336,44.94,82.13,37.19
1954-06-30,386.121,21.235,2.522,9.172,0.336,27.727,-6.276,45.691,81.392,35.70099999999999
1954-09-30,390.996,22.235,3.445,9.568,-0.076,26.989,-5.774,46.3,83.704,37.403999999999996
1954-12-31,399.734,24.565,2.888,9.748,0.908,27.288,-4.438,46.991,86.637,39.646
1955-03-31,413.073,27.672,3.43,10.26,0.483,26.238,-1.215,47.461,92.843,45.382000000000005
1955-06-30,421.532,28.727,1.795,10.396,-0.229,27.459,1.453,48.178,97.444,49.266000000000005
1955-09-30,430.221,28.289,1.993,11.048,0.807,29.515,1.754,49.315,99.012,49.697
1955-12-31,437.092,28.826,1.324,11.216,0.427,29.581,4.46,50.603,103.151,52.547999999999995
1956-03-31,439.746,27.736,-0.787,11.52,0.943,32.065,5.182,52.144,103.876,51.732000000000006
1956-06-30,446.01,27.546,-1.667,11.58,2.231,34.212,3.819,53.505,103.604,50.099
1956-09-30,451.191,28.581,-2.582,11.596,3.023,35.544,4.282,54.819,106.028,51.209
1956-12-31,460.463,28.358,-3.091,12.032,4.531,36.791,4.285,56.032,105.81,49.778000000000006
1957-03-31,469.779,29.315,-1.298,12.088,5.556,36.089,3.709,57.313,107.485,50.172
1957-06-30,472.025,28.933,-1.939,12.308,4.806,38.092,1.252,58.42,107.644,49.224000000000004
1957-09-30,479.49,28.476,0.655,12.46,4.914,37.779,0.914,59.488,109.938,50.45
1957-12-31,474.864,26.315,1.164,12.284,3.594,35.588,-5.765,60.448,101.872,41.424
1958-03-31,467.54,23.138,-0.608,12.144,1.477,37.174,-9.178,61.092,97.997,36.905
1958-06-30,471.978,23.932,1.07,12.248,0.821,37.235,-14.125,62.003,97.046,35.043000000000006
1958-09-30,485.841,25.851,1.021,12.136,1.049,39.86,-11.569,62.943,104.923,41.980000000000004
1958-12-31,499.555,28.745,1.11,11.832,-0.143,41.014,-8.647,63.782,114.316,50.534000000000006
1959-03-31,510.33,31.469,0.185,12.788,-1.41,37.871,-3.224,64.464,119.383,54.919
1959-06-30,522.653,34.115,-2.229,13.236,-2.888,38.777,0.102,65.122,125.539,60.417
1959-09-30,525.034,32.082,2.461,13.772,0.033,34.996,-1.784,65.789,119.743,53.95399999999999
1959-12-31,528.6,33.127,0.391,14.128,-0.823,37.22,-2.361,66.397,121.463,55.06599999999999
1960-03-31,542.648,34.445,0.524,14.112,1.865,38.266,7.333,66.985,131.576,64.591
1960-06-30,541.08,32.68,-2.316,14.196,1.723,36.543,3.713,67.588,122.29,54.70200000000001
1960-09-30,545.604,32.675,0.313,14.428,4.214,38.57,2.094,68.204,123.217,55.013000000000005
1960-12-31,540.197,31.378,-3.741,14.316,4.884,38.023,-2.446,68.825,112.842,44.016999999999996
1961-03-31,545.018,30.286,-1.204,14.264,5.438,41.746,-2.618,69.496,118.005,48.509
1961-06-30,555.545,33.057,-1.175,14.308,3.211,42.594,-4.522,70.185,122.619,52.434
1961-09-30,567.664,34.527,0.516,14.608,4.303,46.222,-2.547,70.961,130.767,59.806
1961-12-31,580.612,37.1,-1.796,15.172,3.901,46.979,-0.453,71.776,134.532,62.756000000000014
1962-03-31,594.013,39.407,1.508,15.324,3.111,47.437,-2.592,72.702,140.026,67.32400000000001
1962-06-30,600.366,39.661,0.293,15.792,3.745,47.464,-2.853,73.529,138.559,65.03
1962-09-30,609.027,40.692,1.6,15.992,4.773,46.689,-1.493,74.549,141.273,66.72399999999999
1962-12-31,612.28,43.229,-3.521,16.196,3.567,45.22,-2.334,75.608,138.437,62.82900000000001
1963-03-31,621.672,43.477,-2.178,16.596,3.971,46.175,-0.482,76.518,142.943,66.42500000000001
1963-06-30,629.752,44.817,-4.291,16.944,4.343,46.441,1.999,77.526,145.201,67.675
1963-09-30,644.444,45.541,0.994,17.22,5.221,45.932,1.899,78.503,150.428,71.925
1963-12-31,653.938,46.235,-0.371,17.704,6.252,49.841,1.051,79.524,152.32,72.79599999999999
1964-03-31,669.822,50.657,2.524,18.964,8.191,51.083,-1.476,80.617,156.25,75.633
1964-06-30,678.674,50.92,-0.053,19.584,5.976,56.253,-6.296,81.755,157.019,75.26400000000001
1964-09-30,692.031,51.459,0.931,20.016,8.13,54.746,-2.742,82.945,159.198,76.25300000000001
1964-12-31,697.319,51.503,-3.589,20.54,7.573,59.043,-1.376,84.239,161.706,77.46699999999998
1965-03-31,717.79,57.499,-2.362,20.42,5.659,55.548,2.521,85.615,172.738,87.123
1965-06-30,730.191,58.813,-2.491,21.16,6.269,56.274,1.649,87.146,173.961,86.81500000000001
1965-09-30,749.323,59.501,3.42,21.864,6.57,62.591,-5.743,88.773,180.105,91.332
1965-12-31,771.857,62.269,4.396,22.564,6.133,60.599,-5.83,90.49,183.231,92.741
1966-03-31,795.734,64.668,6.405,22.728,4.633,59.459,0.639,92.31,196.12,103.81
1966-06-30,804.981,63.743,3.895,22.456,3.316,59.937,-0.695,94.338,195.443,101.10500000000002
1966-09-30,819.638,62.672,5.242,22.248,3.202,61.565,-2.945,96.288,197.372,101.08400000000002
1966-12-31,833.302,64.476,4.798,21.844,4.084,66.483,-6.044,98.3,202.085,103.78500000000001
1967-03-31,844.17,62.694,7.373,22.932,4.262,72.234,-14.676,100.268,200.7,100.43199999999999
1967-06-30,848.983,61.809,3.302,23.54,3.255,69.908,-16.517,102.35,194.058,91.708
1967-09-30,865.233,62.608,2.47,23.948,3.583,73.961,-15.371,104.619,200.755,96.136
1967-12-31,881.439,64.384,0.294,23.248,2.832,75.875,-15.504,106.985,205.954,98.96900000000001
1968-03-31,909.387,61.667,5.258,24.876,1.611,74.194,-13.487,109.496,210.642,101.146
1968-06-30,934.344,65.05,6.881,25.804,2.025,76.781,-14.353,111.946,218.473,106.52700000000002
1968-09-30,950.825,65.527,1.549,26.516,1.834,68.831,-6.859,114.534,215.23,100.69599999999998
1968-12-31,968.03,66.09,-1.155,26.8,0.66,71.889,-6.499,117.45,220.312,102.86200000000001
1969-03-31,993.337,64.775,4.601,26.724,1.673,67.448,5.021,120.465,233.913,113.44800000000001
1969-06-30,1009.02,62.864,1.622,27.084,0.505,70.609,1.417,123.506,232.43,108.924
1969-09-30,1029.956,61.35,1.497,27.34,1.707,82.471,-5.105,126.325,237.493,111.16799999999999
1969-12-31,1038.147,56.844,-1.392,27.884,2.53,83.702,-9.433,129.289,228.597,99.30800000000002
1970-03-31,1051.2,53.587,4.137,27.9,3.909,88.257,-19.284,132.239,227.124,94.88499999999999
1970-06-30,1067.375,57.314,5.517,27.756,5.048,95.407,-30.417,135.272,230.29,95.018
1970-09-30,1086.059,56.24,6.58,27.82,3.736,102.739,-38.186,138.327,234.145,95.81800000000001
1970-12-31,1088.608,52.782,5.147,27.728,2.201,103.948,-45.609,141.511,227.851,86.34
1971-03-31,1135.156,62.238,13.309,28.488,4.488,107.689,-47.363,144.646,247.545,102.899
1971-06-30,1156.271,63.423,12.277,28.208,-0.138,114.205,-53.778,147.597,255.655,108.05799999999999
1971-09-30,1177.675,66.884,12.224,28.532,-0.02,113.742,-53.467,150.361,261.23,110.86900000000003
1971-12-31,1190.297,70.81,0.262,28.308,-3.084,112.064,-54.114,153.099,256.899,103.80000000000001
1972-03-31,1230.609,74.377,4.977,29.332,-5.031,107.356,-45.388,155.942,272.962,117.01999999999998
1972-06-30,1266.369,75.95,17.296,29.628,-4.754,102.435,-42.037,158.952,287.72,128.76800000000003
1972-09-30,1290.566,79.403,8.887,30.288,-3.599,108.686,-40.693,162.705,292.303,129.59799999999998
1972-12-31,1328.904,82.677,-2.522,31.02,-2.782,127.638,-43.638,166.434,302.348,135.91400000000002
1973-03-31,1377.49,87.48,6.67,32.116,2.206,121.706,-31.535,170.49,320.489,149.99899999999997
1973-06-30,1413.887,85.213,14.376,33.48,5.408,132.656,-35.018,175.393,333.732,158.33900000000003
1973-09-30,1433.838,89.045,2.48,35.012,12.474,136.625,-32.933,181.24,328.975,147.735
1973-12-31,1476.289,89.292,1.056,36.384,15.358,152.26,-31.407,187.608,347.066,159.45799999999997
1974-03-31,1491.209,85.693,0.063,37.684,16.517,148.705,-35.246,194.309,339.32,145.011
1974-06-30,1530.056,82.261,9.691,38.8,2.663,139.623,-38.808,202.126,353.428,151.302
1974-09-30,1560.026,72.772,3.57,39.38,0.309,140.248,-38.874,211.181,349.209,138.028
1974-12-31,1599.679,73.153,16.524,39.212,4.392,156.54,-61.761,219.957,360.809,140.85200000000003
1975-03-31,1616.116,79.438,15.392,38.412,17.889,148.642,-88.568,228.744,327.346,98.602
1975-06-30,1651.853,87.52,13.882,38.048,21.454,188.469,-143.698,235.778,322.447,86.66900000000001
1975-09-30,1709.82,97.739,9.005,38.036,18.389,158.871,-100.609,242.132,350.717,108.58499999999998
1975-12-31,1761.831,105.682,15.126,38.872,21.623,160.137,-101.723,247.391,366.116,118.725
1976-03-31,1820.487,114.267,18.685,41.936,13.152,156.309,-88.557,251.926,397.54,145.61400000000003
1976-06-30,1852.332,113.771,20.932,43.912,8.993,154.796,-82.017,256.699,411.275,154.57599999999996
1976-09-30,1886.558,115.767,17.364,45.836,2.406,155.407,-85.97,262.692,417.02,154.32799999999997
1976-12-31,1934.273,115.875,25.634,47.852,3.826,151.034,-84.808,269.589,425.644,156.055
1977-03-31,1988.648,121.202,27.742,48.56,-8.022,141.85,-76.069,277.537,451.722,174.185
1977-06-30,2055.909,136.491,20.701,49.904,-8.843,150.38,-68.249,285.66,483.92,198.26
1977-09-30,2118.473,148.802,20.605,51.54,-7.858,160.425,-72.145,293.756,507.762,214.00600000000003
1977-12-31,2164.27,142.623,8.736,52.82,-18.933,171.127,-75.267,302.364,515.695,213.33100000000007
1978-03-31,2202.76,143.746,2.789,54.572,-25.008,177.613,-77.89,311.598,528.302,216.704
1978-06-30,2331.633,159.716,22.047,56.064,-12.855,167.649,-52.675,321.999,575.535,253.53599999999994
1978-09-30,2395.053,165.997,29.196,58.976,-11.386,176.505,-54.029,331.98,602.049,270.06899999999996
1978-12-31,2476.949,173.409,39.265,61.584,-1.261,178.495,-44.157,343.202,629.887,286.68499999999995
1979-03-31,2526.61,168.104,24.778,63.614,-1.811,194.836,-45.163,354.779,635.536,280.75699999999995
1979-06-30,2591.247,170.326,41.02,65.853,-2.698,184.929,-44.119,367.225,656.219,288.994
1979-09-30,2667.565,169.252,58.431,67.852,2.433,182.102,-48.812,380.308,671.001,290.693
1979-12-31,2723.883,166.233,55.761,70.757,-2.588,185.431,-56.236,393.209,676.229,283.02000000000004
1980-03-31,2789.842,152.013,67.792,74.282,-10.666,197.028,-69.696,406.75,690.274,283.524
1980-06-30,2797.352,141.837,55.666,77.325,9.844,224.95,-102.264,420.968,653.987,233.01899999999995
1980-09-30,2856.483,141.93,32.733,75.843,28.157,234.792,-111.385,435.363,629.442,194.079
1980-12-31,2985.557,154.787,20.894,76.547,6.708,242.814,-95.382,450.637,690.489,239.85200000000003
1981-03-31,3124.206,164.992,59.306,79.238,1.667,235.639,-78.799,465.542,765.783,300.24100000000004
1981-06-30,3162.532,170.249,35.416,82.634,0.172,239.765,-87.959,480.431,755.108,274.67699999999996
1981-09-30,3260.609,184.446,28.761,85.907,7.072,280.546,-97.283,494.517,798.004,303.487
1981-12-31,3280.818,182.63,27.335,87.754,4.594,298.258,-128.914,508.426,795.38,286.954
1982-03-31,3274.302,169.227,2.174,87.563,0.651,290.071,-156.629,521.926,738.553,216.62699999999995
1982-06-30,3331.972,181.393,5.244,87.22,17.439,298.902,-164.754,533.877,750.007,216.13
1982-09-30,3366.322,178.323,5.489,88.213,-14.036,301.016,-203.043,542.749,750.355,207.606
1982-12-31,3402.561,176.905,21.69,90.936,-17.253,274.808,-236.027,549.301,712.994,163.69299999999998
1983-03-31,3473.413,192.153,30.587,93.398,-7.895,279.101,-238.412,552.307,730.233,177.92599999999993
1983-06-30,3578.848,207.293,52.209,95.174,-27.636,253.221,-223.425,559.081,780.835,221.75400000000002
1983-09-30,3689.179,215.457,75.591,97.7,-47.909,252.838,-233.503,566.169,826.76,260.591
1983-12-31,3794.706,231.032,69.016,99.292,-56.77,273.544,-207.115,572.932,896.895,323.96299999999997
1984-03-31,3908.054,247.305,41.918,100.381,-78.536,309.103,-183.749,582.246,974.981,392.735
1984-06-30,4009.601,250.532,46.754,101.749,-87.926,321.697,-188.293,591.493,1008.365,416.87199999999996
1984-09-30,4084.25,258.385,43.855,101.955,-90.438,341.337,-202.629,603.176,1032.606,429.42999999999995
1984-12-31,4148.551,266.942,33.158,104.027,-103.42,333.108,-212.116,616.669,1037.137,420.46799999999996
1985-03-31,4230.168,266.445,39.147,108.834,-89.411,278.753,-170.449,623.649,1018.14,394.491
1985-06-30,4294.887,271.461,46.539,111.12,-111.361,314.783,-222.147,634.561,1045.435,410.8739999999999
1985-09-30,4386.773,282.537,60.964,112.597,-121.276,254.998,-203.919,645.165,1048.412,403.24700000000007
1985-12-31,4444.094,265.429,69.648,114.433,-135.167,283.224,-210.087,657.178,1086.124,428.946
1986-03-31,4507.894,250.686,68.3,120.592,-128.326,302.26,-204.723,668.189,1092.454,424.265
1986-06-30,4545.34,236.423,76.563,122.689,-141.861,310.378,-232.77,679.916,1089.68,409.764
1986-09-30,4607.669,224.955,92.432,121.769,-150.22,279.49,-234.769,690.953,1081.507,390.5540000000001
1986-12-31,4657.627,214.712,82.097,119.25,-150.296,262.722,-207.39,702.121,1085.297,383.17600000000004
1987-03-31,4722.156,228.165,69.687,116.615,-150.94,290.04,-215.965,712.6,1118.849,406.2489999999999
1987-06-30,4806.16,253.045,46.767,116.296,-154.384,216.931,-150.555,723.77,1128.044,404.2740000000001
1987-09-30,4884.555,272.042,19.404,120.243,-154.051,244.481,-170.993,736.076,1134.812,398.7359999999999
1987-12-31,5007.994,279.188,38.562,126.318,-157.008,290.912,-182.888,749.086,1205.551,456.4649999999999
1988-03-31,5073.372,284.19,5.163,133.484,-126.867,295.581,-180.045,763.802,1162.094,398.29200000000003
1988-06-30,5190.036,290.036,13.603,140.969,-109.957,316.197,-173.789,777.68,1192.719,415.0390000000001
1988-09-30,5282.835,287.316,-2.704,150.009,-106.457,328.473,-160.785,791.371,1200.108,408.73699999999997
1988-12-31,5399.509,306.366,-4.765,157.582,-119.615,328.187,-170.401,805.134,1226.534,421.4000000000001
1989-03-31,5511.253,290.039,17.349,168.978,-106.692,354.567,-148.827,818.428,1269.293,450.8649999999999
1989-06-30,5612.463,297.398,69.927,177.295,-93.575,327.405,-174.422,831.683,1268.283,436.5999999999999
1989-09-30,5695.365,302.622,89.16,182.111,-81.655,320.011,-184.703,844.888,1271.504,426.6159999999999
1989-12-31,5747.237,287.124,94.876,188.852,-87.482,339.675,-206.867,858.033,1271.457,413.4240000000001
1990-03-31,5872.701,301.048,104.868,193.183,-90.039,348.433,-223.555,870.021,1297.681,427.6600000000001
1990-06-30,5960.028,314.909,95.129,194.001,-72.861,372.279,-240.381,882.23,1303.036,420.80600000000004
1990-09-30,6015.116,283.573,104.127,195.784,-82.374,361.095,-238.033,895.014,1292.359,397.3449999999999
1990-12-31,6004.733,290.525,77.299,191.287,-54.31,360.718,-256.219,906.865,1242.198,335.3330000000001
1991-03-31,6035.178,331.017,62.107,197.737,46.579,388.742,-240.839,918.971,1215.686,296.7149999999999
1991-06-30,6126.862,331.815,92.371,201.862,14.772,391.179,-305.127,928.946,1222.551,293.6049999999999
1991-09-30,6205.937,329.425,107.752,204.422,-13.029,391.586,-331.629,937.781,1243.515,305.73400000000015
1991-12-31,6264.54,331.458,108.621,204.498,-16.792,432.346,-356.59,943.873,1271.997,328.124
1992-03-31,6363.102,348.981,78.403,203.352,-21.789,453.285,-390.937,948.169,1256.327,308.158
1992-06-30,6470.763,351.069,95.427,205.812,-39.39,472.911,-397.953,955.181,1310.208,355.02700000000004
1992-09-30,6566.641,342.804,139.64,207.389,-52.7,447.506,-420.317,963.352,1318.297,354.94500000000005
1992-12-31,6680.803,354.65,148.575,209.476,-68.42,428.287,-413.085,974.276,1351.662,377.3860000000001
1993-03-31,6729.459,347.588,183.454,212.948,-57.319,430.371,-419.637,986.166,1372.317,386.15099999999995
1993-06-30,6808.939,363.517,144.675,217.188,-74.495,409.397,-384.753,997.536,1387.672,390.1360000000001
1993-09-30,6882.098,386.052,164.964,223.799,-77.413,367.083,-393.883,1008.696,1386.526,377.83000000000004
1993-12-31,7013.738,405.524,128.608,232.836,-108.25,363.501,-346.328,1021.6,1448.318,426.71799999999996
1994-03-31,7115.652,436.69,159.425,245.982,-92.966,344.59,-335.61,1033.285,1485.366,452.0809999999999
1994-06-30,7246.931,452.366,148.713,255.469,-109.2,358.4,-304.942,1046.97,1555.241,508.27099999999996
1994-09-30,7331.075,470.98,125.232,263.247,-121.699,351.081,-314.204,1062.27,1553.814,491.5440000000001
1994-12-31,7455.288,485.645,123.628,269.53,-138.529,374.72,-324.685,1079.907,1608.21,528.3030000000001
1995-03-31,7522.289,482.958,120.348,272.317,-119.224,406.929,-321.744,1099.15,1634.554,535.404
1995-06-30,7580.997,511.485,100.037,278.316,-119.383,372.33,-326.291,1115.753,1614.383,498.6300000000001
1995-09-30,7683.125,538.924,72.644,286.41,-99.788,373.393,-318.741,1130.762,1610.366,479.60400000000004
1995-12-31,7772.586,555.548,75.6,297.142,-85.053,363.505,-285.008,1143.859,1641.405,497.54600000000005
1996-03-31,7868.468,582.841,48.209,306.837,-102.927,371.232,-281.79,1155.575,1672.168,516.5929999999998
1996-06-30,8032.84,584.751,65.605,319.168,-109.343,366.585,-238.534,1167.56,1736.141,568.5810000000001
1996-09-30,8131.408,590.962,64.643,330.015,-133.528,377.336,-222.952,1181.881,1795.37,613.4889999999998
1996-12-31,8259.771,610.189,49.658,339.388,-114.297,364.602,-191.176,1196.21,1804.375,608.165
1997-03-31,8362.655,638.451,12.705,346.981,-131.958,361.954,-169.679,1213.302,1841.719,628.4170000000001
1997-06-30,8518.825,658.411,43.998,355.548,-101.888,384.605,-150.392,1231.224,1914.19,682.9660000000001
1997-09-30,8662.823,683.399,13.888,364.234,-122.775,359.471,-106.386,1247.806,1956.715,708.9089999999999
1997-12-31,8765.907,680.156,-29.587,372.984,-163.759,381.029,-111.144,1264.973,1976.198,711.2250000000001
1998-03-31,8866.48,615.114,-27.895,385.774,-164.861,451.659,-55.749,1281.346,2043.561,762.2149999999999
1998-06-30,8969.699,616.661,-76.795,389.569,-196.078,435.52,-45.091,1300.034,2036.84,736.8059999999998
1998-09-30,9121.097,619.687,-89.718,388.652,-224.625,423.314,-12.222,1318.769,2095.803,777.0339999999999
1998-12-31,9293.991,601.985,-31.168,382.529,-235.78,387.857,-4.228,1338.797,2146.484,807.6869999999999
1999-03-31,9411.682,650.003,-74.36,371.042,-234.237,400.568,12.038,1358.687,2210.132,851.4450000000002
1999-06-30,9526.21,647.382,-41.648,368.348,-262.217,304.702,23.34,1383.208,2210.853,827.645
1999-09-30,9686.626,628.608,-9.245,373.69,-293.375,282.767,31.305,1410.656,2263.777,853.1210000000001
1999-12-31,9900.169,631.497,7.991,388.39,-316.669,275.235,51.189,1443.195,2337.387,894.1920000000002
2000-03-31,10002.179,602.659,-153.884,402.951,-370.518,296.727,147.768,1478.97,2339.805,860.8349999999998
2000-06-30,10247.72,595.936,-39.636,414.807,-379.498,315.106,119.374,1506.133,2461.603,955.47
2000-09-30,10318.165,599.286,-124.186,419.055,-416.788,336.306,112.073,1524.963,2446.174,921.211
2000-12-31,10435.744,573.967,-65.337,415.463,-420.67,319.143,93.627,1534.844,2461.45,926.6059999999998
2001-03-31,10470.231,593.447,-209.19,408.443,-423.661,358.495,47.799,1566.444,2372.21,805.7660000000001
2001-06-30,10599,625.379,-133.106,402.348,-379.083,341.631,-12.705,1594.02,2391.951,797.931
2001-09-30,10598.02,610.375,-120.653,399.487,-412.134,494.442,-259.998,1611.579,2348.391,736.8120000000001
2001-12-31,10660.465,638.97,-3.95,401.405,-350.783,258.046,-194.088,1625.991,2274.347,648.3560000000002
2002-03-31,10783.5,722.722,-43.273,418.821,-404.443,436.958,-392.181,1637.53,2347.377,709.847
2002-06-30,10887.46,747.849,-79.877,428.715,-456.414,474.767,-447.957,1649.251,2371.731,722.4800000000002
2002-09-30,10984.04,772.158,-67.702,429.418,-461.697,441.534,-462.408,1664.403,2380.263,715.8599999999999
2002-12-31,11061.433,836.039,-135.84,433.135,-499.21,453.135,-503.149,1680.74,2397.002,716.262
2003-03-31,11174.129,807.272,-71.666,441.396,-546.387,425.661,-543.955,1695.027,2417.332,722.3049999999998
2003-06-30,11312.766,847.592,-64.257,433.581,-526.038,430.175,-584.087,1708.794,2430.676,721.8819999999998
2003-09-30,11566.669,879.966,1.27,452.808,-526.651,469.914,-637.33,1725.713,2513.375,787.662
2003-12-31,11772.234,918.387,37.878,492.412,-511.463,433.82,-552.267,1746.857,2603.725,856.8679999999999
2004-03-31,11923.447,1017.183,7.444,533.753,-548.939,402.134,-587.558,1773.987,2628.373,854.386
2004-06-30,12112.815,1029.643,-35.677,562.523,-624.508,447.439,-561.119,1803.609,2745.878,942.2690000000002
2004-09-30,12305.307,1071.377,-70.769,564.812,-649.299,405.659,-517.533,1835.146,2808.366,973.22
2004-12-31,12527.214,1049.924,-13.397,658.257,-728.322,412.97,-506.966,1874.613,2887.21,1012.597
2005-03-31,12767.286,1104.414,17.229,554.224,-688.747,229.277,-409.418,1911.601,2987.629,1076.0279999999998
2005-06-30,12922.656,1133.053,-42.107,568.128,-722.181,206.96,-414.224,1948.969,2986.706,1037.737
2005-09-30,13142.642,1155.571,-37.934,572.251,-754.677,167.231,-408.563,1989.675,3048.407,1058.7320000000002
2005-12-31,13324.204,1208.145,-165.188,622.416,-839.101,233.243,-357.557,2033.96,3169.284,1135.324
2006-03-31,13599.16,1254.443,-196.733,678.179,-801.755,309.871,-312.161,2070.428,3249.424,1178.996
2006-06-30,13753.424,1258.593,-219.66,710.127,-828.77,293.767,-297.373,2107.094,3261.065,1153.971
2006-09-30,13870.188,1288.079,-254.849,724.93,-875.813,241.897,-307.62,2141.108,3259.497,1118.3889999999997
2006-12-31,14039.56,1262.717,-167.927,750.127,-770.888,258.266,-314.444,2178.031,3237.403,1059.3719999999998
2007-03-31,14215.651,1168.768,-126.331,781.544,-805.547,279.493,-322.026,2214.675,3238.578,1023.9029999999998
2007-06-30,14402.082,1241.923,-109.289,823.879,-778.679,296.279,-335.779,2240.928,3288.861,1047.933
2007-09-30,14564.117,1213.225,98.989,835.166,-708.957,249.832,-419.494,2265.601,3281.943,1016.3420000000001
2007-12-31,14715.058,1192.171,185.817,832.576,-670.257,228.09,-482.803,2289.796,3250.754,960.9580000000001
2008-03-31,14706.538,1156.248,132.452,895.47,-735.552,300.736,-573.968,2319.795,3175.346,855.5509999999999
2008-06-30,14865.701,1142.84,247.803,869.13,-731.276,512.392,-944.199,2347.2,3168.182,820.982
2008-09-30,14898.999,1160.602,187.994,825.833,-719.025,386.32,-868.168,2376.04,3135.983,759.9430000000002
2008-12-31,14608.209,899.117,196.547,775.027,-631.079,606.447,-1001.655,2392.814,2949.323,556.509
2009-03-31,14430.902,1125.534,268.35,713.63,-403.189,616.407,-1432.364,2387.44,2654.925,267.4850000000001
2009-06-30,14381.236,1126.565,192.883,639.184,-354.508,743.161,-1636.808,2369.055,2510.18,141.125
2009-09-30,14448.882,1286.134,185.241,598.996,-366.635,552.529,-1664.164,2358.981,2486.36,127.3789999999999
2009-12-31,14651.249,1348.642,120.407,587.064,-408.097,587.654,-1608.543,2369.629,2638.824,269.19500000000016
2010-03-31,14764.61,1428.295,112.103,587.676,-421.555,601.846,-1679.335,2374.551,2671.339,296.788
2010-06-30,14980.193,1422.987,114.476,610.003,-444.135,702.739,-1660.239,2382.725,2796.82,414.09500000000025
2010-09-30,15141.607,1571.136,5.434,651.006,-472.695,696.731,-1600.852,2391.773,2885.91,494.1369999999997
2010-12-31,15309.474,1586.412,45.765,695.167,-420.758,684.383,-1568.83,2412.516,2885.835,473.31899999999996
2011-03-31,15351.448,1435.031,-7.499,744.393,-476.625,773.709,-1525.394,2437.233,2845.313,408.0799999999999
2011-06-30,15557.539,1557.726,-15.544,766.176,-477.942,749.284,-1533.192,2463.587,2933.631,470.04399999999987
2011-09-30,15647.68,1615.871,-52.603,807.151,-436.398,785.916,-1508.055,2487.576,2957.952,470.3760000000002
2011-12-31,15842.259,1718.029,-21.513,834.262,-450.378,796.225,-1478.088,2509.057,3139.825,630.768
2012-03-31,16068.805,1758.696,-206.019,881.337,-467.257,909.651,-1391.925,2538.27,3194.591,656.3209999999999
2012-06-30,16207.115,1729.414,-172.549,900.051,-445.744,974.069,-1376.557,2563.894,3263.961,700.067
2012-09-30,16319.541,1705.305,-9.749,903.774,-397.94,859.91,-1376.238,2590.148,3263.547,673.3989999999999
2012-12-31,16420.419,1699.163,-226.277,1096.108,-385.07,1162.472,-1285.204,2609.909,3249.04,639.1309999999999
2013-03-31,16648.189,1699.634,-63.275,860.333,-381.192,590.013,-1034.738,2633.212,3345.704,712.4920000000002
2013-06-30,16728.687,1703.325,-120.085,1118.615,-376.726,650.812,-776.744,2664.353,3379.772,715.4189999999999
2013-09-30,16953.838,1720.44,6.85,947.676,-352.464,652.167,-982.206,2694.774,3496.813,802.0390000000002
2013-12-31,17192.019,1751.49,57.358,1062.637,-294.365,569.795,-806.1,2734.074,3538.345,804.2709999999997
2014-03-31,17197.738,1652.642,-115.614,1023.484,-371.64,667.866,-813.344,2774.727,3514.433,739.7060000000001
2014-06-30,17518.508,1801.772,-134.233,1060.714,-345.269,715.105,-803.958,2801.795,3665.036,863.241
2014-09-30,17804.228,1889.023,-124.679,1061.405,-356.02,714.945,-859.535,2838.028,3752.397,914.3690000000001
2014-12-31,17912.079,1880.338,-189.234,1093.988,-427.466,750.067,-849.46,2864.191,3789.379,925.1880000000001
2015-03-31,18063.529,1826.631,-149.418,1115.714,-418.937,828.313,-804.075,2891.206,3895.871,1004.665
2015-06-30,18279.784,1799.6,-101.282,1096.523,-405.373,781.359,-777.59,2912.862,3923.795,1010.933
2015-09-30,18401.626,1780.289,-59.148,1122.286,-454.184,766.046,-814.589,2936.825,3941.318,1004.4930000000004
2015-12-31,18435.137,1701.493,-62.042,1180.274,-413.806,786.573,-699.746,2950.86,3910.666,959.806
2016-03-31,18525.933,1777.476,-66.13,1132.239,-428.143,808.121,-883.637,2961.432,3893.162,931.73
2016-06-30,18711.702,1733.129,81.289,1124.068,-397.207,726.508,-915.954,2994.919,3893.025,898.1060000000002
2016-09-30,18892.639,1754.784,91.759,1145.117,-392.808,713.29,-919.299,3020.245,3908.461,888.2159999999999
2016-12-31,19089.379,1807.72,104.723,1156.243,-387.256,736.869,-918.955,3055.839,4017.2,961.3609999999999
2017-03-31,19280.084,1911.361,43.069,1216.834,-359.156,788.971,-948.84,3089.409,4026.292,936.8829999999998
2017-06-30,19438.643,1896.913,32.713,1264.58,-428.217,872.081,-986.631,3128.974,4107.688,978.7139999999999
2017-09-30,19692.595,1927.001,90.967,1267.152,-349.685,883.02,-970.803,3170.459,4183.177,1012.7179999999998
2017-12-31,20037.088,1977.064,104.858,1266.841,-374.924,822.514,-940.282,3206.97,4279.208,1072.2379999999998
2018-03-31,20328.553,2028.401,123.596,1265.077,-391.861,880.197,-1050.241,3249.473,4358.211,1108.7380000000003
2018-06-30,20580.912,2070.954,110.712,1289.032,-376.66,939.953,-1110.144,3295.191,4394.294,1099.103
2018-09-30,20798.73,2071.997,37.894,1336.3,-484.545,1028.508,-1091.826,3334.438,4529.256,1194.8180000000002
2018-12-31,20917.867,2099.624,-18.447,1389.315,-511.567,1137.964,-1172.787,3371.311,4539.916,1168.605
2019-03-31,21104.133,2124.464,-96.161,1381.857,-470.323,1309.784,-1230.498,3419.479,4615.534,1196.0549999999998
2019-06-30,21384.775,2147.237,30.65,1423.208,-475.189,1178.667,-1209.139,3465.557,4664.953,1199.3960000000006
2019-09-30,21694.282,2220.297,132.85,1425.05,-444.626,1136.924,-1292.12,3503.177,4720.705,1217.5279999999998
2019-12-31,21902.39,2199.577,102.439,1437.172,-403.545,1138.14,-1269.386,3531.149,4668.291,1137.1420000000003
2020-03-31,21706.513,1993.806,-63.151,1460.081,-393.973,1504.369,-1326.825,3570.117,4612.208,1042.0909999999994
2020-06-30,19913.143,1784.979,113.786,1453.415,-510.973,4423.657,-4914.796,3603.15,4068.334,465.18399999999974
2020-09-30,21647.64,2386.835,365.491,1479.552,-648.965,2654.386,-3508.933,3640.341,4707.533,1067.1920000000005
2020-12-31,22024.502,2137.581,-183.285,1593.875,-724.975,2131.883,-2034.652,3688.585,4871.213,1182.6279999999997
2021-03-31,22600.185,2401.029,-72.279,1658.847,-729.107,3889.697,-4170.182,3736.358,4854.883,1118.5249999999996
2021-06-30,23292.362,2596.3,13.171,1789.612,-821.251,1888.618,-2512.366,3819.003,4836.365,1017.3619999999996
2021-09-30,23828.973,2553.273,-3.817,1878.564,-916.84,1552.125,-2006.5,3916.635,5049.992,1133.357
2021-12-31,24654.603,2521.928,41.006,1931.94,-924.069,1151.639,-1297.173,4021.37,5430.898,1409.5280000000002
2022-03-31,25029.116,2497.942,-112.89,1932.887,-1115.137,703.749,-796.959,4140.864,5614.955,1474.0910000000003
2022-06-30,25544.273,2712.562,-151.505,1920.657,-1011.086,552.414,-866.543,4260.218,5597.576,1337.3580000000002
2022-09-30,25994.639,2754.569,-155.026,1855.613,-934.571,612.615,-1052.333,4368.183,5606.965,1238.7820000000002
2022-12-31,26408.405,2700.084,210.247,1839.847,-882.506,622.428,-1291.573,4430.282,5714.126,1283.844
2023-03-31,26813.601,2588.597,328.176,1840.205,-872.561,948.202,-1737.091,4507.407,5667.645,1160.2380000000003
2023-06-30,27063.012,2601.809,437.279,1855.787,-837.196,1027.551,-1850.427,4557.018,5754.639,1197.621
2023-09-30,27610.128,2697.929,640.478,1837.596,-820.883,863.889,-1877.339,4611.463,5919.708,1308.245
2023-12-31,27956.998,2803.162,632.96,1861.432,-794.265,759.752,-1792.363,4667.259,6003.604,1336.3450000000003
2024-03-31,28255.928,2754.517,620.827,1893.613,-857.227,796.608,-1782.697,4711.837,6064.706,1352.8689999999997
